basename,latitude,longitude,yaw_degree_gimbal,pitch_degree_gimbal,roll_degree_gimbal,image_w,image_h,image_GSDH,image_GSDV,date_time_original,relative_im_path,relative_altitude,absolute_altitude,yaw_degrees_drone,pitch_degrees_drone,roll_degrees_drone,flight_x_speed,flight_y_speed,flight_z_speed,cam_reverse,gimbal_reverse,Timestamp_ms
DJI_20241128154239_0001,-13.8818156944444,-73.0349101944444,139.5,-90.0,180.0,5280,3956,0.004023457726163178,0.0040120948003300756,2024:11:28 15:42:39,./data/mavic3m/campo2/Viaje3-27-Nov/DJI_202411281538_002_acco2-campo2//DJI_20241128154239_0001_D.JPG,15.005,2210.897,-41.1,-1.1,3.5,0.2,-0.6,0.0,0,0,1732808559000
DJI_20241128154241_0002,-13.8817958611111,-73.0349295833333,138.9,-90.0,180.0,5280,3956,0.004026943560914269,0.004015570790493641,2024:11:28 15:42:41,./data/mavic3m/campo2/Viaje3-27-Nov/DJI_202411281538_002_acco2-campo2//DJI_20241128154241_0002_D.JPG,15.018,2210.91,-40.9,5.1,2.8,1.1,-0.9,0.0,0,0,1732808561000
DJI_20241128154244_0003,-13.881773,-73.0349504722222,138.9,-90.0,180.0,5280,3956,0.00402265330275908,0.004011292648753868,2024:11:28 15:42:44,./data/mavic3m/campo2/Viaje3-27-Nov/DJI_202411281538_002_acco2-campo2//DJI_20241128154244_0003_D.JPG,15.002,2210.894,-40.9,2.4,3.9,1.1,-1.0,0.0,0,0,1732808564000
DJI_20241128154246_0004,-13.8817495555556,-73.0349722222222,138.9,-90.0,180.0,5280,3956,0.004028820548857164,0.0040174424775047905,2024:11:28 15:42:46,./data/mavic3m/campo2/Viaje3-27-Nov/DJI_202411281538_002_acco2-campo2//DJI_20241128154246_0004_D.JPG,15.025,2210.938,-41.1,3.9,4.5,1.0,-0.9,0.0,0,0,1732808566000
DJI_20241128154249_0005,-13.8817254722222,-73.0349935555556,139.0,-90.0,180.0,5280,3956,0.004028284266587765,0.004016907709787319,2024:11:28 15:42:49,./data/mavic3m/campo2/Viaje3-27-Nov/DJI_202411281538_002_acco2-campo2//DJI_20241128154249_0005_D.JPG,15.023,2210.93,-41.0,4.3,1.8,1.0,-0.8,0.0,0,0,1732808569000
DJI_20241128154252_0006,-13.8817017222222,-73.0350146388889,-41.0,-89.9,0.0,5280,3956,0.004028820548857164,0.0040174424775047905,2024:11:28 15:42:52,./data/mavic3m/campo2/Viaje3-27-Nov/DJI_202411281538_002_acco2-campo2//DJI_20241128154252_0006_D.JPG,15.025,2210.923,-41.1,4.2,3.4,1.0,-0.9,0.0,0,0,1732808572000
DJI_20241128154254_0007,-13.8816789444444,-73.0350340555556,-41.0,-89.9,0.0,5280,3956,0.0040132683630446035,0.004001934213698116,2024:11:28 15:42:54,./data/mavic3m/campo2/Viaje3-27-Nov/DJI_202411281538_002_acco2-campo2//DJI_20241128154254_0007_D.JPG,14.967,2210.866,-40.9,3.1,1.2,1.0,-0.8,0.0,0,0,1732808574000
DJI_20241128154256_0008,-13.8816561944444,-73.0350548333333,-41.1,-89.9,0.0,5280,3956,0.004016486056660996,0.004005142820002945,2024:11:28 15:42:56,./data/mavic3m/campo2/Viaje3-27-Nov/DJI_202411281538_002_acco2-campo2//DJI_20241128154256_0008_D.JPG,14.979,2210.891,-40.9,2.6,2.8,1.0,-0.8,0.0,0,0,1732808576000
DJI_20241128154259_0009,-13.8816329444444,-73.0350764722222,139.0,-90.0,180.0,5280,3956,0.004020776314816184,0.004009420961742718,2024:11:28 15:42:59,./data/mavic3m/campo2/Viaje3-27-Nov/DJI_202411281538_002_acco2-campo2//DJI_20241128154259_0009_D.JPG,14.995,2210.914,-41.0,3.7,1.6,1.0,-0.7,0.0,0,0,1732808579000
DJI_20241128154302_0010,-13.8816101944444,-73.0350968055556,138.9,-90.0,180.0,5280,3956,0.004025870996375471,0.0040145012550586966,2024:11:28 15:43:02,./data/mavic3m/campo2/Viaje3-27-Nov/DJI_202411281538_002_acco2-campo2//DJI_20241128154302_0010_D.JPG,15.014,2210.93,-41.1,3.6,2.7,1.0,-0.8,0.0,0,0,1732808582000
DJI_20241128154304_0011,-13.88158775,-73.0351160555556,-41.1,-89.9,0.0,5280,3956,0.004016486056660996,0.004005142820002945,2024:11:28 15:43:04,./data/mavic3m/campo2/Viaje3-27-Nov/DJI_202411281538_002_acco2-campo2//DJI_20241128154304_0011_D.JPG,14.979,2210.874,-41.2,-0.1,3.0,1.1,-0.8,0.0,0,0,1732808584000
DJI_20241128154307_0012,-13.8815637777778,-73.0351371111111,139.0,-90.0,180.0,5280,3956,0.004023457726163178,0.0040120948003300756,2024:11:28 15:43:07,./data/mavic3m/campo2/Viaje3-27-Nov/DJI_202411281538_002_acco2-campo2//DJI_20241128154307_0012_D.JPG,15.005,2210.892,-40.9,4.2,1.5,1.0,-0.8,0.0,0,0,1732808587000
DJI_20241128154309_0013,-13.8815425555556,-73.0351571111111,138.9,-90.0,180.0,5280,3956,0.00401863118573859,0.004007281890872831,2024:11:28 15:43:09,./data/mavic3m/campo2/Viaje3-27-Nov/DJI_202411281538_002_acco2-campo2//DJI_20241128154309_0013_D.JPG,14.987,2210.888,-42.6,4.6,-3.1,0.7,-1.1,0.0,0,0,1732808589000
DJI_20241128154311_0014,-13.881548,-73.0351838333333,54.1,-90.0,180.0,5280,3956,0.004024530290701975,0.004013164335765019,2024:11:28 15:43:11,./data/mavic3m/campo2/Viaje3-27-Nov/DJI_202411281538_002_acco2-campo2//DJI_20241128154311_0014_D.JPG,15.009,2210.897,-127.0,3.2,-7.6,-0.8,-1.1,0.0,0,0,1732808591000
DJI_20241128154314_0015,-13.8815706666667,-73.0351821666667,142.7,-89.9,0.0,5280,3956,0.004020508173681486,0.004009153577883982,2024:11:28 15:43:14,./data/mavic3m/campo2/Viaje3-27-Nov/DJI_202411281538_002_acco2-campo2//DJI_20241128154314_0015_D.JPG,14.994,2210.883,141.4,-5.0,2.7,-1.0,0.8,0.0,0,0,1732808594000
DJI_20241128154316_0016,-13.8815945555556,-73.0351635,139.1,-89.9,0.0,5280,3956,0.004005492270138324,0.00399418008179478,2024:11:28 15:43:16,./data/mavic3m/campo2/Viaje3-27-Nov/DJI_202411281538_002_acco2-campo2//DJI_20241128154316_0016_D.JPG,14.938,2210.853,138.8,1.2,-0.9,-1.0,0.9,0.0,0,0,1732808596000
DJI_20241128154319_0017,-13.8816175833333,-73.0351437777778,-41.0,-90.0,180.0,5280,3956,0.004018899326873289,0.004007549274731567,2024:11:28 15:43:19,./data/mavic3m/campo2/Viaje3-27-Nov/DJI_202411281538_002_acco2-campo2//DJI_20241128154319_0017_D.JPG,14.988,2210.885,138.9,-0.6,-2.8,-1.0,0.8,0.0,0,0,1732808599000
DJI_20241128154322_0018,-13.8816411111111,-73.0351235277778,-41.2,-90.0,180.0,5280,3956,0.004023457726163178,0.0040120948003300756,2024:11:28 15:43:22,./data/mavic3m/campo2/Viaje3-27-Nov/DJI_202411281538_002_acco2-campo2//DJI_20241128154322_0018_D.JPG,15.005,2210.871,138.9,-1.1,-2.6,-1.0,0.9,0.0,0,0,1732808602000
DJI_20241128154324_0019,-13.8816640833333,-73.035103,138.9,-89.9,0.0,5280,3956,0.004021848879354982,0.00401049049717766,2024:11:28 15:43:24,./data/mavic3m/campo2/Viaje3-27-Nov/DJI_202411281538_002_acco2-campo2//DJI_20241128154324_0019_D.JPG,14.999,2210.884,139.0,-0.7,-4.1,-1.0,0.8,0.0,0,0,1732808604000
DJI_20241128154326_0020,-13.88168625,-73.0350823055556,-41.1,-90.0,180.0,5280,3956,0.004025066572971373,0.00401369910348249,2024:11:28 15:43:26,./data/mavic3m/campo2/Viaje3-27-Nov/DJI_202411281538_002_acco2-campo2//DJI_20241128154326_0020_D.JPG,15.011,2210.898,138.9,-1.1,-4.7,-1.0,0.8,0.0,0,0,1732808606000
DJI_20241128154329_0021,-13.8817090833333,-73.0350616944445,-41.2,-90.0,180.0,5280,3956,0.004036864782898143,0.004025463993266864,2024:11:28 15:43:29,./data/mavic3m/campo2/Viaje3-27-Nov/DJI_202411281538_002_acco2-campo2//DJI_20241128154329_0021_D.JPG,15.055,2210.936,138.7,-1.4,-5.2,-1.1,0.8,0.0,0,0,1732808609000
DJI_20241128154331_0022,-13.8817316388889,-73.0350413888889,-41.1,-90.0,180.0,5280,3956,0.004023457726163178,0.0040120948003300756,2024:11:28 15:43:31,./data/mavic3m/campo2/Viaje3-27-Nov/DJI_202411281538_002_acco2-campo2//DJI_20241128154331_0022_D.JPG,15.005,2210.888,139.0,-1.0,-4.6,-1.0,0.8,0.0,0,0,1732808611000
DJI_20241128154334_0023,-13.8817551666667,-73.0350206111111,-41.1,-90.0,180.0,5280,3956,0.004017558621199793,0.004006212355437889,2024:11:28 15:43:34,./data/mavic3m/campo2/Viaje3-27-Nov/DJI_202411281538_002_acco2-campo2//DJI_20241128154334_0023_D.JPG,14.983,2210.869,138.9,0.1,-5.1,-1.1,0.9,0.0,0,0,1732808614000
DJI_20241128154337_0024,-13.8817781944444,-73.0349997222222,-41.0,-90.0,180.0,5280,3956,0.0040183630446038905,0.004007014507014096,2024:11:28 15:43:37,./data/mavic3m/campo2/Viaje3-27-Nov/DJI_202411281538_002_acco2-campo2//DJI_20241128154337_0024_D.JPG,14.986,2210.88,138.9,-1.2,-4.3,-1.0,0.8,0.0,0,0,1732808617000
DJI_20241128154339_0025,-13.881801,-73.0349786944444,138.9,-89.9,0.0,5280,3956,0.004018094903469192,0.00400674712315536,2024:11:28 15:43:39,./data/mavic3m/campo2/Viaje3-27-Nov/DJI_202411281538_002_acco2-campo2//DJI_20241128154339_0025_D.JPG,14.985,2210.877,139.0,-0.9,-4.6,-0.9,0.8,0.0,0,0,1732808619000
DJI_20241128154342_0026,-13.8818233333333,-73.034958,-41.0,-90.0,180.0,5280,3956,0.0040261391375101705,0.004014768638917433,2024:11:28 15:43:42,./data/mavic3m/campo2/Viaje3-27-Nov/DJI_202411281538_002_acco2-campo2//DJI_20241128154342_0026_D.JPG,15.015,2210.9,139.0,-0.5,-1.8,-1.0,0.8,0.0,0,0,1732808622000
DJI_20241128154344_0027,-13.88184625,-73.0349381111111,138.9,-89.9,0.0,5280,3956,0.004021848879354982,0.00401049049717766,2024:11:28 15:43:44,./data/mavic3m/campo2/Viaje3-27-Nov/DJI_202411281538_002_acco2-campo2//DJI_20241128154344_0027_D.JPG,14.999,2210.89,139.0,-1.7,-2.1,-1.0,0.8,0.0,0,0,1732808624000
DJI_20241128154347_0028,-13.8818693611111,-73.0349176666667,-41.0,-90.0,180.0,5280,3956,0.004024262149567275,0.004012896951906282,2024:11:28 15:43:47,./data/mavic3m/campo2/Viaje3-27-Nov/DJI_202411281538_002_acco2-campo2//DJI_20241128154347_0028_D.JPG,15.008,2210.884,138.9,0.0,-1.1,-1.0,0.9,0.0,0,0,1732808627000
DJI_20241128154349_0029,-13.8818935555556,-73.0348973055556,-41.0,-90.0,180.0,5280,3956,0.0040210444559508835,0.004009688345601454,2024:11:28 15:43:49,./data/mavic3m/campo2/Viaje3-27-Nov/DJI_202411281538_002_acco2-campo2//DJI_20241128154349_0029_D.JPG,14.996,2210.89,139.0,-0.5,-3.4,-1.0,0.8,0.0,0,0,1732808629000
DJI_20241128154352_0030,-13.8819171111111,-73.03487775,-41.2,-90.0,180.0,5280,3956,0.0040247984318366745,0.004013431719623754,2024:11:28 15:43:52,./data/mavic3m/campo2/Viaje3-27-Nov/DJI_202411281538_002_acco2-campo2//DJI_20241128154352_0030_D.JPG,15.01,2210.906,139.0,-0.1,-5.6,-0.9,0.9,0.0,0,0,1732808632000
DJI_20241128154354_0031,-13.8819398055556,-73.0348566388889,-41.0,-90.0,180.0,5280,3956,0.004028284266587765,0.004016907709787319,2024:11:28 15:43:54,./data/mavic3m/campo2/Viaje3-27-Nov/DJI_202411281538_002_acco2-campo2//DJI_20241128154354_0031_D.JPG,15.023,2210.902,139.0,0.7,-4.4,-0.9,0.9,0.0,0,0,1732808634000
DJI_20241128154357_0032,-13.8819625277778,-73.0348355,139.0,-89.9,0.0,5280,3956,0.004021312597085583,0.004009955729460189,2024:11:28 15:43:57,./data/mavic3m/campo2/Viaje3-27-Nov/DJI_202411281538_002_acco2-campo2//DJI_20241128154357_0032_D.JPG,14.997,2210.883,138.8,-0.9,-5.3,-0.9,0.8,-0.1,0,0,1732808637000
DJI_20241128154359_0033,-13.8819850555556,-73.0348159166667,-41.1,-90.0,180.0,5280,3956,0.004021848879354982,0.00401049049717766,2024:11:28 15:43:59,./data/mavic3m/campo2/Viaje3-27-Nov/DJI_202411281538_002_acco2-campo2//DJI_20241128154359_0033_D.JPG,14.999,2210.877,139.0,-3.9,-2.8,-0.8,0.8,0.0,0,0,1732808639000
DJI_20241128154402_0034,-13.8820078055556,-73.0347956111111,138.9,-89.9,0.0,5280,3956,0.004024530290701975,0.004013164335765019,2024:11:28 15:44:02,./data/mavic3m/campo2/Viaje3-27-Nov/DJI_202411281538_002_acco2-campo2//DJI_20241128154402_0034_D.JPG,15.009,2210.894,139.0,0.8,-2.4,-0.9,1.0,0.0,0,0,1732808642000
DJI_20241128154404_0035,-13.8820306388889,-73.0347755,138.8,-89.9,0.0,5280,3956,0.004029088689991862,0.004017709861363526,2024:11:28 15:44:04,./data/mavic3m/campo2/Viaje3-27-Nov/DJI_202411281538_002_acco2-campo2//DJI_20241128154404_0035_D.JPG,15.026,2210.904,139.0,-2.1,-5.4,-0.9,0.9,0.0,0,0,1732808644000
DJI_20241128154407_0036,-13.8820531944444,-73.0347543333333,-41.2,-90.0,180.0,5280,3956,0.004027479843183667,0.004016105558211112,2024:11:28 15:44:07,./data/mavic3m/campo2/Viaje3-27-Nov/DJI_202411281538_002_acco2-campo2//DJI_20241128154407_0036_D.JPG,15.02,2210.899,139.2,-2.0,-5.4,-1.0,0.9,0.0,0,0,1732808647000
DJI_20241128154409_0037,-13.8820782777778,-73.0347326944444,138.9,-89.9,0.0,5280,3956,0.0040221170204896815,0.004010757881036397,2024:11:28 15:44:09,./data/mavic3m/campo2/Viaje3-27-Nov/DJI_202411281538_002_acco2-campo2//DJI_20241128154409_0037_D.JPG,15.0,2210.896,139.1,-0.5,-4.5,-1.0,0.8,0.0,0,0,1732808649000
DJI_20241128154412_0038,-13.8821019722222,-73.0347128888889,-41.0,-90.0,180.0,5280,3956,0.004022921443893779,0.0040115600326126035,2024:11:28 15:44:12,./data/mavic3m/campo2/Viaje3-27-Nov/DJI_202411281538_002_acco2-campo2//DJI_20241128154412_0038_D.JPG,15.003,2210.874,139.0,-2.2,-2.1,-0.8,0.9,0.0,0,0,1732808652000
DJI_20241128154414_0039,-13.8821268611111,-73.0346899444444,138.9,-89.9,0.0,5280,3956,0.00402640727864487,0.004015036022776169,2024:11:28 15:44:14,./data/mavic3m/campo2/Viaje3-27-Nov/DJI_202411281538_002_acco2-campo2//DJI_20241128154414_0039_D.JPG,15.016,2210.909,139.1,0.4,-0.8,-0.7,1.1,0.0,0,0,1732808654000
DJI_20241128154417_0040,-13.8821505555556,-73.0346706111111,-30.1,-90.0,180.0,5280,3956,0.00402640727864487,0.004015036022776169,2024:11:28 15:44:17,./data/mavic3m/campo2/Viaje3-27-Nov/DJI_202411281538_002_acco2-campo2//DJI_20241128154417_0040_D.JPG,15.016,2210.909,151.4,-1.7,-2.8,-1.1,0.5,0.0,0,0,1732808657000
DJI_20241128154419_0041,-13.88218025,-73.0346631666667,-6.1,-90.0,180.0,5280,3956,0.004025870996375471,0.0040145012550586966,2024:11:28 15:44:19,./data/mavic3m/campo2/Viaje3-27-Nov/DJI_202411281538_002_acco2-campo2//DJI_20241128154419_0041_D.JPG,15.014,2210.902,174.4,-0.1,-5.9,-1.3,0.1,0.0,0,0,1732808659000
DJI_20241128154422_0042,-13.8822028333333,-73.0346713055556,60.6,-90.0,180.0,5280,3956,0.004011659516236408,0.004000329910545702,2024:11:28 15:44:22,./data/mavic3m/campo2/Viaje3-27-Nov/DJI_202411281538_002_acco2-campo2//DJI_20241128154422_0042_D.JPG,14.961,2210.868,-112.2,8.5,8.9,0.0,-1.2,0.0,0,0,1732808662000
DJI_20241128154424_0043,-13.8821831388889,-73.0346928611111,-41.4,-89.9,0.0,5280,3956,0.004025602855240772,0.004014233871199962,2024:11:28 15:44:24,./data/mavic3m/campo2/Viaje3-27-Nov/DJI_202411281538_002_acco2-campo2//DJI_20241128154424_0043_D.JPG,15.013,2210.888,-41.0,0.3,3.5,1.0,-0.8,0.0,0,0,1732808664000
DJI_20241128154427_0044,-13.8821594722222,-73.03471425,139.0,-90.0,180.0,5280,3956,0.004021580738220282,0.004010223113318925,2024:11:28 15:44:27,./data/mavic3m/campo2/Viaje3-27-Nov/DJI_202411281538_002_acco2-campo2//DJI_20241128154427_0044_D.JPG,14.998,2210.897,-41.0,4.2,3.5,1.1,-0.9,0.0,0,0,1732808667000
DJI_20241128154429_0045,-13.8821353333333,-73.03473675,-41.1,-89.9,0.0,5280,3956,0.004025870996375471,0.0040145012550586966,2024:11:28 15:44:29,./data/mavic3m/campo2/Viaje3-27-Nov/DJI_202411281538_002_acco2-campo2//DJI_20241128154429_0045_D.JPG,15.014,2210.919,-41.0,3.6,6.7,0.8,-0.9,0.0,0,0,1732808669000
DJI_20241128154432_0046,-13.88211225,-73.0347559444444,138.9,-90.0,180.0,5280,3956,0.004017826762334492,0.004006479739296624,2024:11:28 15:44:32,./data/mavic3m/campo2/Viaje3-27-Nov/DJI_202411281538_002_acco2-campo2//DJI_20241128154432_0046_D.JPG,14.984,2210.896,-41.1,0.1,3.1,1.0,-0.9,0.0,0,0,1732808672000
DJI_20241128154434_0047,-13.8820894444444,-73.0347770555556,-41.1,-89.9,0.0,5280,3956,0.0040223851616243795,0.004011025264895132,2024:11:28 15:44:34,./data/mavic3m/campo2/Viaje3-27-Nov/DJI_202411281538_002_acco2-campo2//DJI_20241128154434_0047_D.JPG,15.001,2210.903,-41.0,-2.1,5.0,1.0,-0.8,0.0,0,0,1732808674000
DJI_20241128154437_0048,-13.8820663888889,-73.0347971944445,138.9,-90.0,180.0,5280,3956,0.0040261391375101705,0.004014768638917433,2024:11:28 15:44:37,./data/mavic3m/campo2/Viaje3-27-Nov/DJI_202411281538_002_acco2-campo2//DJI_20241128154437_0048_D.JPG,15.015,2210.91,-41.0,-2.6,3.0,1.1,-0.7,0.0,0,0,1732808677000
DJI_20241128154439_0049,-13.8820426666667,-73.0348186666667,139.0,-90.0,180.0,5280,3956,0.004017826762334492,0.004006479739296624,2024:11:28 15:44:39,./data/mavic3m/campo2/Viaje3-27-Nov/DJI_202411281538_002_acco2-campo2//DJI_20241128154439_0049_D.JPG,14.984,2210.891,-41.2,3.8,1.8,0.9,-0.9,-0.1,0,0,1732808679000
DJI_20241128154442_0050,-13.8820199166667,-73.0348401944444,138.9,-90.0,180.0,5280,3956,0.004028552407722464,0.004017175093646054,2024:11:28 15:44:42,./data/mavic3m/campo2/Viaje3-27-Nov/DJI_202411281538_002_acco2-campo2//DJI_20241128154442_0050_D.JPG,15.024,2210.913,-41.1,2.5,5.3,1.0,-0.9,0.0,0,0,1732808682000
DJI_20241128154444_0051,-13.8819976388889,-73.0348612222222,-41.2,-89.9,0.0,5280,3956,0.004025066572971373,0.00401369910348249,2024:11:28 15:44:44,./data/mavic3m/campo2/Viaje3-27-Nov/DJI_202411281538_002_acco2-campo2//DJI_20241128154444_0051_D.JPG,15.011,2210.904,-41.0,2.5,6.4,1.1,-0.8,0.0,0,0,1732808684000
DJI_20241128154447_0052,-13.8819745833333,-73.0348819722222,-41.1,-89.9,0.0,5280,3956,0.004029356831126562,0.004017977245222262,2024:11:28 15:44:47,./data/mavic3m/campo2/Viaje3-27-Nov/DJI_202411281538_002_acco2-campo2//DJI_20241128154447_0052_D.JPG,15.027,2210.933,-41.0,1.9,6.5,1.1,-0.8,0.0,0,0,1732808687000
DJI_20241128154449_0053,-13.881951,-73.0349028333333,-41.1,-89.9,0.0,5280,3956,0.004030965677934758,0.004019581548374677,2024:11:28 15:44:49,./data/mavic3m/campo2/Viaje3-27-Nov/DJI_202411281538_002_acco2-campo2//DJI_20241128154449_0053_D.JPG,15.033,2210.932,-41.1,0.1,5.2,1.0,-0.7,0.0,0,0,1732808689000
DJI_20241128154452_0054,-13.881927,-73.0349229722222,139.0,-90.0,180.0,5280,3956,0.00402640727864487,0.004015036022776169,2024:11:28 15:44:52,./data/mavic3m/campo2/Viaje3-27-Nov/DJI_202411281538_002_acco2-campo2//DJI_20241128154452_0054_D.JPG,15.016,2210.907,-41.0,-0.1,4.8,1.0,-0.8,0.0,0,0,1732808692000
DJI_20241128154454_0055,-13.8819025833333,-73.0349423055556,-41.0,-89.9,0.0,5280,3956,0.004023457726163178,0.0040120948003300756,2024:11:28 15:44:54,./data/mavic3m/campo2/Viaje3-27-Nov/DJI_202411281538_002_acco2-campo2//DJI_20241128154454_0055_D.JPG,15.005,2210.893,-41.1,-1.9,1.7,0.9,-0.7,0.0,0,0,1732808694000
DJI_20241128154457_0056,-13.8818794444444,-73.0349625277778,139.0,-90.0,180.0,5280,3956,0.0040170223389303945,0.004005677587720417,2024:11:28 15:44:57,./data/mavic3m/campo2/Viaje3-27-Nov/DJI_202411281538_002_acco2-campo2//DJI_20241128154457_0056_D.JPG,14.981,2210.873,-41.1,0.1,3.4,0.9,-0.8,0.0,0,0,1732808697000
DJI_20241128154459_0057,-13.8818553888889,-73.0349832222222,139.0,-90.0,180.0,5280,3956,0.00402265330275908,0.004011292648753868,2024:11:28 15:44:59,./data/mavic3m/campo2/Viaje3-27-Nov/DJI_202411281538_002_acco2-campo2//DJI_20241128154459_0057_D.JPG,15.002,2210.903,-41.0,1.7,3.3,1.0,-0.9,0.0,0,0,1732808699000
DJI_20241128154502_0058,-13.8818318055556,-73.0350057777778,-41.0,-89.9,0.0,5280,3956,0.004019971891412086,0.0040086188101665105,2024:11:28 15:45:02,./data/mavic3m/campo2/Viaje3-27-Nov/DJI_202411281538_002_acco2-campo2//DJI_20241128154502_0058_D.JPG,14.992,2210.887,-41.2,1.3,3.7,0.9,-0.9,0.0,0,0,1732808702000
DJI_20241128154504_0059,-13.8818078055556,-73.0350293888889,138.9,-90.0,180.0,5280,3956,0.004018899326873289,0.004007549274731567,2024:11:28 15:45:04,./data/mavic3m/campo2/Viaje3-27-Nov/DJI_202411281538_002_acco2-campo2//DJI_20241128154504_0059_D.JPG,14.988,2210.877,-41.0,3.3,4.9,0.9,-0.9,0.0,0,0,1732808704000
DJI_20241128154507_0060,-13.8817845833333,-73.0350501388889,-41.1,-89.9,0.0,5280,3956,0.004020508173681486,0.004009153577883982,2024:11:28 15:45:07,./data/mavic3m/campo2/Viaje3-27-Nov/DJI_202411281538_002_acco2-campo2//DJI_20241128154507_0060_D.JPG,14.994,2210.881,-41.0,1.7,5.0,0.9,-0.7,0.0,0,0,1732808707000
DJI_20241128154509_0061,-13.88176175,-73.0350697777778,139.0,-90.0,180.0,5280,3956,0.004024262149567275,0.004012896951906282,2024:11:28 15:45:09,./data/mavic3m/campo2/Viaje3-27-Nov/DJI_202411281538_002_acco2-campo2//DJI_20241128154509_0061_D.JPG,15.008,2210.894,-40.8,0.0,6.6,0.9,-1.0,0.0,0,0,1732808709000
DJI_20241128154512_0062,-13.8817382222222,-73.0350912777778,138.9,-90.0,180.0,5280,3956,0.004034987794955248,0.004023592306255713,2024:11:28 15:45:12,./data/mavic3m/campo2/Viaje3-27-Nov/DJI_202411281538_002_acco2-campo2//DJI_20241128154512_0062_D.JPG,15.048,2210.958,-40.7,4.6,6.3,1.1,-0.9,0.0,0,0,1732808712000
DJI_20241128154514_0063,-13.8817146111111,-73.0351116944444,-41.1,-89.9,0.0,5280,3956,0.00402640727864487,0.004015036022776169,2024:11:28 15:45:14,./data/mavic3m/campo2/Viaje3-27-Nov/DJI_202411281538_002_acco2-campo2//DJI_20241128154514_0063_D.JPG,15.016,2210.921,-41.0,-0.4,2.5,0.9,-0.9,0.0,0,0,1732808714000
DJI_20241128154517_0064,-13.8816921388889,-73.0351335555556,139.0,-90.0,180.0,5280,3956,0.004031501960204157,0.004020116316092148,2024:11:28 15:45:17,./data/mavic3m/campo2/Viaje3-27-Nov/DJI_202411281538_002_acco2-campo2//DJI_20241128154517_0064_D.JPG,15.035,2210.931,-41.0,-2.1,2.8,1.0,-0.7,0.0,0,0,1732808717000
DJI_20241128154519_0065,-13.8816683055556,-73.0351553888889,139.0,-90.0,180.0,5280,3956,0.004018094903469192,0.00400674712315536,2024:11:28 15:45:19,./data/mavic3m/campo2/Viaje3-27-Nov/DJI_202411281538_002_acco2-campo2//DJI_20241128154519_0065_D.JPG,14.985,2210.876,-40.9,1.3,5.3,1.0,-0.8,0.0,0,0,1732808719000
DJI_20241128154522_0066,-13.8816428333333,-73.0351773611111,-41.1,-89.9,0.0,5280,3956,0.004023994008432576,0.004012629568047547,2024:11:28 15:45:22,./data/mavic3m/campo2/Viaje3-27-Nov/DJI_202411281538_002_acco2-campo2//DJI_20241128154522_0066_D.JPG,15.007,2210.917,-41.1,1.4,5.1,1.0,-0.8,0.0,0,0,1732808722000
DJI_20241128154524_0067,-13.8816173611111,-73.0352006388889,138.9,-90.0,180.0,5280,3956,0.00403016125453066,0.004018779396798469,2024:11:28 15:45:24,./data/mavic3m/campo2/Viaje3-27-Nov/DJI_202411281538_002_acco2-campo2//DJI_20241128154524_0067_D.JPG,15.03,2210.932,-40.9,4.4,4.1,1.0,-0.8,0.0,0,0,1732808724000
DJI_20241128154527_0068,-13.8815940277778,-73.0352215833333,-41.1,-89.9,0.0,5280,3956,0.004015681633256898,0.004004340668426739,2024:11:28 15:45:27,./data/mavic3m/campo2/Viaje3-27-Nov/DJI_202411281538_002_acco2-campo2//DJI_20241128154527_0068_D.JPG,14.976,2210.89,-41.3,4.8,-1.9,0.9,-0.8,0.0,0,0,1732808727000
DJI_20241128154529_0069,-13.8815947777778,-73.0352480555556,55.4,-90.0,180.0,5280,3956,0.004019971891412086,0.0040086188101665105,2024:11:28 15:45:29,./data/mavic3m/campo2/Viaje3-27-Nov/DJI_202411281538_002_acco2-campo2//DJI_20241128154529_0069_D.JPG,14.992,2210.901,-125.8,4.3,-6.2,-0.7,-1.1,0.0,0,0,1732808729000
DJI_20241128154532_0070,-13.8816182222222,-73.03525125,148.3,-89.9,0.0,5280,3956,0.004020240032546786,0.004008886194025246,2024:11:28 15:45:32,./data/mavic3m/campo2/Viaje3-27-Nov/DJI_202411281538_002_acco2-campo2//DJI_20241128154532_0070_D.JPG,14.993,2210.884,145.6,-1.3,-3.8,-1.0,0.6,0.0,0,0,1732808732000
DJI_20241128154534_0071,-13.8816421666667,-73.0352321666667,139.1,-89.9,0.0,5280,3956,0.00401863118573859,0.004007281890872831,2024:11:28 15:45:34,./data/mavic3m/campo2/Viaje3-27-Nov/DJI_202411281538_002_acco2-campo2//DJI_20241128154534_0071_D.JPG,14.987,2210.858,139.0,-1.3,-4.8,-0.9,0.8,0.0,0,0,1732808734000
DJI_20241128154537_0072,-13.8816646666667,-73.0352108611111,139.0,-89.9,0.0,5280,3956,0.004021848879354982,0.00401049049717766,2024:11:28 15:45:37,./data/mavic3m/campo2/Viaje3-27-Nov/DJI_202411281538_002_acco2-campo2//DJI_20241128154537_0072_D.JPG,14.999,2210.895,139.0,1.1,-3.5,-1.0,0.8,0.0,0,0,1732808737000
DJI_20241128154539_0073,-13.88168775,-73.0351897777778,-41.0,-90.0,180.0,5280,3956,0.00402265330275908,0.004011292648753868,2024:11:28 15:45:39,./data/mavic3m/campo2/Viaje3-27-Nov/DJI_202411281538_002_acco2-campo2//DJI_20241128154539_0073_D.JPG,15.002,2210.889,139.1,0.8,2.8,-0.9,0.9,0.0,0,0,1732808739000
DJI_20241128154542_0074,-13.8817119722222,-73.0351700555556,138.9,-89.9,0.0,5280,3956,0.004016754197795695,0.004005410203861681,2024:11:28 15:45:42,./data/mavic3m/campo2/Viaje3-27-Nov/DJI_202411281538_002_acco2-campo2//DJI_20241128154542_0074_D.JPG,14.98,2210.869,139.1,-1.2,-5.9,-1.0,0.6,0.0,0,0,1732808742000
DJI_20241128154544_0075,-13.8817341944444,-73.0351490833333,139.0,-89.9,0.0,5280,3956,0.0040223851616243795,0.004011025264895132,2024:11:28 15:45:44,./data/mavic3m/campo2/Viaje3-27-Nov/DJI_202411281538_002_acco2-campo2//DJI_20241128154544_0075_D.JPG,15.001,2210.885,139.1,-2.0,0.7,-0.9,0.9,0.0,0,0,1732808744000
DJI_20241128154547_0076,-13.8817584444444,-73.0351285555556,138.9,-89.9,0.0,5280,3956,0.00403042939566536,0.004019046780657206,2024:11:28 15:45:47,./data/mavic3m/campo2/Viaje3-27-Nov/DJI_202411281538_002_acco2-campo2//DJI_20241128154547_0076_D.JPG,15.031,2210.924,138.9,-0.3,-5.6,-1.0,0.8,0.0,0,0,1732808747000
DJI_20241128154549_0077,-13.8817811944444,-73.0351079444444,139.0,-89.9,0.0,5280,3956,0.00402640727864487,0.004015036022776169,2024:11:28 15:45:49,./data/mavic3m/campo2/Viaje3-27-Nov/DJI_202411281538_002_acco2-campo2//DJI_20241128154549_0077_D.JPG,15.016,2210.909,139.1,-0.8,-2.9,-1.0,0.8,0.0,0,0,1732808749000
DJI_20241128154552_0078,-13.8818052777778,-73.0350861944444,138.9,-89.9,0.0,5280,3956,0.004022921443893779,0.0040115600326126035,2024:11:28 15:45:52,./data/mavic3m/campo2/Viaje3-27-Nov/DJI_202411281538_002_acco2-campo2//DJI_20241128154552_0078_D.JPG,15.003,2210.897,139.0,-1.4,-2.5,-0.9,0.8,0.0,0,0,1732808752000
DJI_20241128154554_0079,-13.8818275833333,-73.03506525,139.1,-89.9,0.0,5280,3956,0.004016486056660996,0.004005142820002945,2024:11:28 15:45:54,./data/mavic3m/campo2/Viaje3-27-Nov/DJI_202411281538_002_acco2-campo2//DJI_20241128154554_0079_D.JPG,14.979,2210.849,139.2,-2.7,-1.1,-0.9,0.8,0.0,0,0,1732808754000
DJI_20241128154557_0080,-13.8818511111111,-73.0350444166667,-41.1,-90.0,180.0,5280,3956,0.004012463939640506,0.004001132062121909,2024:11:28 15:45:57,./data/mavic3m/campo2/Viaje3-27-Nov/DJI_202411281538_002_acco2-campo2//DJI_20241128154557_0080_D.JPG,14.964,2210.862,138.9,-0.6,-2.6,-1.0,0.8,0.0,0,0,1732808757000
DJI_20241128154559_0081,-13.8818747222222,-73.0350236111111,-41.1,-90.0,180.0,5280,3956,0.004016754197795695,0.004005410203861681,2024:11:28 15:45:59,./data/mavic3m/campo2/Viaje3-27-Nov/DJI_202411281538_002_acco2-campo2//DJI_20241128154559_0081_D.JPG,14.98,2210.883,138.9,-0.5,-2.1,-0.9,0.8,0.0,0,0,1732808759000
DJI_20241128154602_0082,-13.8818976666667,-73.0350025833333,-41.0,-90.0,180.0,5280,3956,0.004022921443893779,0.0040115600326126035,2024:11:28 15:46:02,./data/mavic3m/campo2/Viaje3-27-Nov/DJI_202411281538_002_acco2-campo2//DJI_20241128154602_0082_D.JPG,15.003,2210.889,139.2,-3.1,0.2,-0.9,0.9,0.0,0,0,1732808762000
DJI_20241128154604_0083,-13.8819205833333,-73.0349808888889,138.9,-89.9,0.0,5280,3956,0.004025870996375471,0.0040145012550586966,2024:11:28 15:46:04,./data/mavic3m/campo2/Viaje3-27-Nov/DJI_202411281538_002_acco2-campo2//DJI_20241128154604_0083_D.JPG,15.014,2210.9,139.0,-1.7,0.4,-1.0,0.8,0.0,0,0,1732808764000
DJI_20241128154607_0084,-13.8819451666667,-73.0349598611111,-41.2,-90.0,180.0,5280,3956,0.004018094903469192,0.00400674712315536,2024:11:28 15:46:07,./data/mavic3m/campo2/Viaje3-27-Nov/DJI_202411281538_002_acco2-campo2//DJI_20241128154607_0084_D.JPG,14.985,2210.891,139.0,0.2,0.7,-1.0,0.9,0.0,0,0,1732808767000
DJI_20241128154609_0085,-13.8819697777778,-73.0349382777778,139.0,-89.9,0.0,5280,3956,0.004014340927583401,0.004003003749133059,2024:11:28 15:46:09,./data/mavic3m/campo2/Viaje3-27-Nov/DJI_202411281538_002_acco2-campo2//DJI_20241128154609_0085_D.JPG,14.971,2210.857,139.0,-0.2,-2.1,-0.9,0.8,0.0,0,0,1732808769000
DJI_20241128154612_0086,-13.8819933055556,-73.03491625,139.0,-89.9,0.0,5280,3956,0.004021580738220282,0.004010223113318925,2024:11:28 15:46:12,./data/mavic3m/campo2/Viaje3-27-Nov/DJI_202411281538_002_acco2-campo2//DJI_20241128154612_0086_D.JPG,14.998,2210.886,139.0,0.6,-1.2,-1.0,0.8,0.0,0,0,1732808772000
DJI_20241128154614_0087,-13.8820169166667,-73.0348948055556,-41.0,-90.0,180.0,5280,3956,0.004020508173681486,0.004009153577883982,2024:11:28 15:46:14,./data/mavic3m/campo2/Viaje3-27-Nov/DJI_202411281538_002_acco2-campo2//DJI_20241128154614_0087_D.JPG,14.994,2210.888,139.2,0.3,-2.1,-1.0,0.8,0.0,0,0,1732808774000
DJI_20241128154617_0088,-13.882041,-73.0348731111111,139.0,-89.9,0.0,5280,3956,0.004019971891412086,0.0040086188101665105,2024:11:28 15:46:17,./data/mavic3m/campo2/Viaje3-27-Nov/DJI_202411281538_002_acco2-campo2//DJI_20241128154617_0088_D.JPG,14.992,2210.89,139.0,0.3,-4.2,-1.1,0.7,0.0,0,0,1732808777000
DJI_20241128154619_0089,-13.8820656111111,-73.03485075,-41.1,-90.0,180.0,5280,3956,0.0040261391375101705,0.004014768638917433,2024:11:28 15:46:19,./data/mavic3m/campo2/Viaje3-27-Nov/DJI_202411281538_002_acco2-campo2//DJI_20241128154619_0089_D.JPG,15.015,2210.906,138.9,0.8,-0.3,-0.8,0.9,0.0,0,0,1732808779000
DJI_20241128154622_0090,-13.8820902777778,-73.0348302222222,139.0,-89.9,0.0,5280,3956,0.004023725867297877,0.004012362184188811,2024:11:28 15:46:22,./data/mavic3m/campo2/Viaje3-27-Nov/DJI_202411281538_002_acco2-campo2//DJI_20241128154622_0090_D.JPG,15.006,2210.893,139.4,-5.2,-0.7,-0.8,0.7,0.0,0,0,1732808782000
DJI_20241128154624_0091,-13.8821129444444,-73.0348100555556,138.9,-89.9,0.0,5280,3956,0.004021312597085583,0.004009955729460189,2024:11:28 15:46:24,./data/mavic3m/campo2/Viaje3-27-Nov/DJI_202411281538_002_acco2-campo2//DJI_20241128154624_0091_D.JPG,14.997,2210.877,139.0,-2.0,-2.2,-0.9,0.7,0.0,0,0,1732808784000
DJI_20241128154627_0092,-13.8821358055556,-73.0347886388889,138.9,-89.9,0.0,5280,3956,0.004017290480065093,0.004005944971579152,2024:11:28 15:46:27,./data/mavic3m/campo2/Viaje3-27-Nov/DJI_202411281538_002_acco2-campo2//DJI_20241128154627_0092_D.JPG,14.982,2210.876,139.0,0.0,-2.3,-1.0,0.8,0.0,0,0,1732808787000
DJI_20241128154629_0093,-13.8821591111111,-73.03476975,-41.1,-90.0,180.0,5280,3956,0.004029088689991862,0.004017709861363526,2024:11:28 15:46:29,./data/mavic3m/campo2/Viaje3-27-Nov/DJI_202411281538_002_acco2-campo2//DJI_20241128154629_0093_D.JPG,15.026,2210.913,139.0,0.2,-2.5,-1.0,0.8,0.0,0,0,1732808789000
DJI_20241128154632_0094,-13.8821823611111,-73.0347493888889,-41.1,-90.0,180.0,5280,3956,0.004016486056660996,0.004005142820002945,2024:11:28 15:46:32,./data/mavic3m/campo2/Viaje3-27-Nov/DJI_202411281538_002_acco2-campo2//DJI_20241128154632_0094_D.JPG,14.979,2210.868,139.0,0.6,-4.2,-1.0,0.8,0.0,0,0,1732808792000
DJI_20241128154634_0095,-13.882206,-73.034728,139.0,-89.9,0.0,5280,3956,0.004021580738220282,0.004010223113318925,2024:11:28 15:46:34,./data/mavic3m/campo2/Viaje3-27-Nov/DJI_202411281538_002_acco2-campo2//DJI_20241128154634_0095_D.JPG,14.998,2210.867,138.9,1.9,-5.4,-1.0,0.8,0.0,0,0,1732808794000
DJI_20241128154637_0096,-13.8822281944444,-73.0347076944444,-41.1,-90.0,180.0,5280,3956,0.004020508173681486,0.004009153577883982,2024:11:28 15:46:37,./data/mavic3m/campo2/Viaje3-27-Nov/DJI_202411281538_002_acco2-campo2//DJI_20241128154637_0096_D.JPG,14.994,2210.886,138.8,-0.3,-6.1,-1.0,0.9,0.0,0,0,1732808797000
DJI_20241128154639_0097,-13.8822543055556,-73.0346964444444,2.0,-90.0,180.0,5280,3956,0.004009514387158813,0.003998190839675815,2024:11:28 15:46:39,./data/mavic3m/campo2/Viaje3-27-Nov/DJI_202411281538_002_acco2-campo2//DJI_20241128154639_0097_D.JPG,14.953,2210.871,-173.2,3.8,1.3,-1.3,-0.2,0.0,0,0,1732808799000
DJI_20241128154642_0098,-13.8822715277778,-73.0347206388889,-93.9,-89.9,0.0,5280,3956,0.004023189585028479,0.004011827416471339,2024:11:28 15:46:42,./data/mavic3m/campo2/Viaje3-27-Nov/DJI_202411281538_002_acco2-campo2//DJI_20241128154642_0098_D.JPG,15.004,2210.902,-88.1,5.7,11.9,0.0,-1.1,0.0,0,0,1732808802000
DJI_20241128154644_0099,-13.8822508333333,-73.0347427222222,-41.3,-89.9,0.0,5280,3956,0.004025334714106073,0.004013966487341225,2024:11:28 15:46:44,./data/mavic3m/campo2/Viaje3-27-Nov/DJI_202411281538_002_acco2-campo2//DJI_20241128154644_0099_D.JPG,15.012,2210.896,-41.2,-0.8,3.7,0.9,-0.8,0.0,0,0,1732808804000
DJI_20241128154647_0100,-13.8822280277778,-73.0347631666667,-41.0,-89.9,0.0,5280,3956,0.004029356831126562,0.004017977245222262,2024:11:28 15:46:47,./data/mavic3m/campo2/Viaje3-27-Nov/DJI_202411281538_002_acco2-campo2//DJI_20241128154647_0100_D.JPG,15.027,2210.914,-41.1,1.2,3.9,1.1,-0.8,0.0,0,0,1732808807000
DJI_20241128154649_0101,-13.8822036666667,-73.0347851388889,138.9,-90.0,180.0,5280,3956,0.004018094903469192,0.00400674712315536,2024:11:28 15:46:49,./data/mavic3m/campo2/Viaje3-27-Nov/DJI_202411281538_002_acco2-campo2//DJI_20241128154649_0101_D.JPG,14.985,2210.888,-40.9,1.8,5.0,1.0,-0.8,0.1,0,0,1732808809000
DJI_20241128154652_0102,-13.8821808333333,-73.03480425,139.0,-90.0,180.0,5280,3956,0.0040221170204896815,0.004010757881036397,2024:11:28 15:46:52,./data/mavic3m/campo2/Viaje3-27-Nov/DJI_202411281538_002_acco2-campo2//DJI_20241128154652_0102_D.JPG,15.0,2210.891,-40.9,0.0,0.1,1.1,-0.7,0.0,0,0,1732808812000
DJI_20241128154654_0103,-13.88215775,-73.0348246666667,139.0,-90.0,180.0,5280,3956,0.004020776314816184,0.004009420961742718,2024:11:28 15:46:54,./data/mavic3m/campo2/Viaje3-27-Nov/DJI_202411281538_002_acco2-campo2//DJI_20241128154654_0103_D.JPG,14.995,2210.915,-41.0,0.2,1.5,1.0,-0.8,0.0,0,0,1732808814000
DJI_20241128154657_0104,-13.8821343333333,-73.0348465555556,139.0,-90.0,180.0,5280,3956,0.004025066572971373,0.00401369910348249,2024:11:28 15:46:57,./data/mavic3m/campo2/Viaje3-27-Nov/DJI_202411281538_002_acco2-campo2//DJI_20241128154657_0104_D.JPG,15.011,2210.917,-41.0,4.6,2.9,1.1,-0.9,0.0,0,0,1732808817000
DJI_20241128154659_0105,-13.8821094166667,-73.0348681388889,-41.0,-89.9,0.0,5280,3956,0.004015681633256898,0.004004340668426739,2024:11:28 15:46:59,./data/mavic3m/campo2/Viaje3-27-Nov/DJI_202411281538_002_acco2-campo2//DJI_20241128154659_0105_D.JPG,14.976,2210.899,-40.9,3.7,2.4,1.0,-0.8,0.0,0,0,1732808819000
DJI_20241128154702_0106,-13.88208675,-73.0348892222222,-41.2,-89.9,0.0,5280,3956,0.004017290480065093,0.004005944971579152,2024:11:28 15:47:02,./data/mavic3m/campo2/Viaje3-27-Nov/DJI_202411281538_002_acco2-campo2//DJI_20241128154702_0106_D.JPG,14.982,2210.881,-41.1,2.3,3.8,1.0,-0.8,0.0,0,0,1732808822000
DJI_20241128154704_0107,-13.88206325,-73.0349092777778,139.1,-90.0,180.0,5280,3956,0.004023994008432576,0.004012629568047547,2024:11:28 15:47:04,./data/mavic3m/campo2/Viaje3-27-Nov/DJI_202411281538_002_acco2-campo2//DJI_20241128154704_0107_D.JPG,15.007,2210.891,-40.7,3.2,3.1,0.8,-0.8,0.0,0,0,1732808824000
DJI_20241128154707_0108,-13.8820408333333,-73.0349300555555,138.8,-90.0,180.0,5280,3956,0.004026675419779569,0.004015303406634904,2024:11:28 15:47:07,./data/mavic3m/campo2/Viaje3-27-Nov/DJI_202411281538_002_acco2-campo2//DJI_20241128154707_0108_D.JPG,15.017,2210.917,-40.8,-0.2,6.6,0.9,-0.9,0.0,0,0,1732808827000
DJI_20241128154709_0109,-13.8820169166667,-73.0349515,138.9,-90.0,180.0,5280,3956,0.004018899326873289,0.004007549274731567,2024:11:28 15:47:09,./data/mavic3m/campo2/Viaje3-27-Nov/DJI_202411281538_002_acco2-campo2//DJI_20241128154709_0109_D.JPG,14.988,2210.881,-40.9,4.4,5.6,1.0,-0.9,0.0,0,0,1732808829000
DJI_20241128154712_0110,-13.8819932777778,-73.0349745833333,138.9,-90.0,180.0,5280,3956,0.004032842665877653,0.004021453235385827,2024:11:28 15:47:12,./data/mavic3m/campo2/Viaje3-27-Nov/DJI_202411281538_002_acco2-campo2//DJI_20241128154712_0110_D.JPG,15.04,2210.939,-40.7,5.0,7.2,1.2,-0.9,0.0,0,0,1732808832000
DJI_20241128154714_0111,-13.8819675277778,-73.0349959444444,139.2,-90.0,180.0,5280,3956,0.004026943560914269,0.004015570790493641,2024:11:28 15:47:14,./data/mavic3m/campo2/Viaje3-27-Nov/DJI_202411281538_002_acco2-campo2//DJI_20241128154714_0111_D.JPG,15.018,2210.936,-40.5,3.9,4.7,0.9,-0.9,0.0,0,0,1732808834000
DJI_20241128154717_0112,-13.88194475,-73.0350182222222,-41.2,-89.9,0.0,5280,3956,0.00403016125453066,0.004018779396798469,2024:11:28 15:47:17,./data/mavic3m/campo2/Viaje3-27-Nov/DJI_202411281538_002_acco2-campo2//DJI_20241128154717_0112_D.JPG,15.03,2210.926,-40.9,1.7,8.8,1.0,-0.8,0.0,0,0,1732808837000
DJI_20241128154719_0113,-13.8819173055556,-73.0350408888889,138.8,-90.0,180.0,5280,3956,0.00402265330275908,0.004011292648753868,2024:11:28 15:47:19,./data/mavic3m/campo2/Viaje3-27-Nov/DJI_202411281538_002_acco2-campo2//DJI_20241128154719_0113_D.JPG,15.002,2210.902,-40.9,4.2,5.4,1.1,-0.8,0.0,0,0,1732808839000
DJI_20241128154722_0114,-13.8818924166667,-73.0350614166667,-41.2,-89.9,0.0,5280,3956,0.0040170223389303945,0.004005677587720417,2024:11:28 15:47:22,./data/mavic3m/campo2/Viaje3-27-Nov/DJI_202411281538_002_acco2-campo2//DJI_20241128154722_0114_D.JPG,14.981,2210.871,-41.2,0.6,1.5,0.9,-0.7,0.0,0,0,1732808842000
DJI_20241128154724_0115,-13.8818694166667,-73.035082,138.9,-90.0,180.0,5280,3956,0.004014877209852799,0.004003538516850531,2024:11:28 15:47:24,./data/mavic3m/campo2/Viaje3-27-Nov/DJI_202411281538_002_acco2-campo2//DJI_20241128154724_0115_D.JPG,14.973,2210.867,-41.1,0.8,5.2,0.9,-0.9,0.0,0,0,1732808844000
DJI_20241128154727_0116,-13.8818462777778,-73.0351028611111,139.0,-90.0,180.0,5280,3956,0.004016754197795695,0.004005410203861681,2024:11:28 15:47:27,./data/mavic3m/campo2/Viaje3-27-Nov/DJI_202411281538_002_acco2-campo2//DJI_20241128154727_0116_D.JPG,14.98,2210.882,-41.0,1.5,3.1,0.9,-0.7,0.0,0,0,1732808847000
DJI_20241128154729_0117,-13.8818221944444,-73.0351240277778,-41.0,-89.9,0.0,5280,3956,0.004032038242473556,0.00402065108380962,2024:11:28 15:47:29,./data/mavic3m/campo2/Viaje3-27-Nov/DJI_202411281538_002_acco2-campo2//DJI_20241128154729_0117_D.JPG,15.037,2210.913,-41.0,1.4,-0.3,1.0,-0.8,0.0,0,0,1732808849000
DJI_20241128154732_0118,-13.8817984444444,-73.0351450277778,139.1,-90.0,180.0,5280,3956,0.004016754197795695,0.004005410203861681,2024:11:28 15:47:32,./data/mavic3m/campo2/Viaje3-27-Nov/DJI_202411281538_002_acco2-campo2//DJI_20241128154732_0118_D.JPG,14.98,2210.876,-41.1,1.2,1.4,0.8,-1.0,0.0,0,0,1732808852000
DJI_20241128154734_0119,-13.88177575,-73.0351665833333,139.0,-90.0,180.0,5280,3956,0.004020776314816184,0.004009420961742718,2024:11:28 15:47:34,./data/mavic3m/campo2/Viaje3-27-Nov/DJI_202411281538_002_acco2-campo2//DJI_20241128154734_0119_D.JPG,14.995,2210.895,-41.2,0.4,3.0,0.9,-0.8,0.0,0,0,1732808854000
DJI_20241128154737_0120,-13.8817523888889,-73.0351883055556,-41.2,-89.9,0.0,5280,3956,0.004023457726163178,0.0040120948003300756,2024:11:28 15:47:37,./data/mavic3m/campo2/Viaje3-27-Nov/DJI_202411281538_002_acco2-campo2//DJI_20241128154737_0120_D.JPG,15.005,2210.899,-41.1,-1.5,4.1,0.8,-0.7,0.0,0,0,1732808857000
DJI_20241128154739_0121,-13.8817284166667,-73.0352092222222,138.9,-90.0,180.0,5280,3956,0.004027479843183667,0.004016105558211112,2024:11:28 15:47:39,./data/mavic3m/campo2/Viaje3-27-Nov/DJI_202411281538_002_acco2-campo2//DJI_20241128154739_0121_D.JPG,15.02,2210.923,-41.1,0.6,0.4,1.0,-0.7,0.0,0,0,1732808859000
DJI_20241128154742_0122,-13.8817053888889,-73.0352313333333,-40.9,-89.9,0.0,5280,3956,0.004024262149567275,0.004012896951906282,2024:11:28 15:47:42,./data/mavic3m/campo2/Viaje3-27-Nov/DJI_202411281538_002_acco2-campo2//DJI_20241128154742_0122_D.JPG,15.008,2210.902,-41.0,0.4,3.2,1.0,-0.8,0.0,0,0,1732808862000
DJI_20241128154744_0123,-13.8816816111111,-73.0352524444444,139.0,-90.0,180.0,5280,3956,0.004020776314816184,0.004009420961742718,2024:11:28 15:47:44,./data/mavic3m/campo2/Viaje3-27-Nov/DJI_202411281538_002_acco2-campo2//DJI_20241128154744_0123_D.JPG,14.995,2210.907,-41.0,0.8,3.0,1.0,-0.8,0.0,0,0,1732808864000
DJI_20241128154747_0124,-13.8816569166667,-73.0352735555556,139.0,-90.0,180.0,5280,3956,0.0040223851616243795,0.004011025264895132,2024:11:28 15:47:47,./data/mavic3m/campo2/Viaje3-27-Nov/DJI_202411281538_002_acco2-campo2//DJI_20241128154747_0124_D.JPG,15.001,2210.896,-41.1,2.2,1.2,1.0,-0.8,0.0,0,0,1732808867000
DJI_20241128154749_0125,-13.8816368611111,-73.0352981666667,115.1,-90.0,180.0,5280,3956,0.004019971891412086,0.0040086188101665105,2024:11:28 15:47:49,./data/mavic3m/campo2/Viaje3-27-Nov/DJI_202411281538_002_acco2-campo2//DJI_20241128154749_0125_D.JPG,14.992,2210.891,-69.7,3.4,-6.5,0.2,-1.1,0.0,0,0,1732808869000
DJI_20241128154752_0126,-13.8816524722222,-73.0353211388889,-136.5,-89.9,0.0,5280,3956,0.004015145350987499,0.004003805900709267,2024:11:28 15:47:52,./data/mavic3m/campo2/Viaje3-27-Nov/DJI_202411281538_002_acco2-campo2//DJI_20241128154752_0126_D.JPG,14.974,2210.867,-140.2,1.9,-7.5,-1.0,-0.6,0.0,0,0,1732808872000
DJI_20241128154754_0127,-13.8816768611111,-73.0353100277778,139.6,-89.9,0.0,5280,3956,0.004016754197795695,0.004005410203861681,2024:11:28 15:47:54,./data/mavic3m/campo2/Viaje3-27-Nov/DJI_202411281538_002_acco2-campo2//DJI_20241128154754_0127_D.JPG,14.98,2210.885,139.2,0.3,-2.8,-1.0,0.8,0.0,0,0,1732808874000
DJI_20241128154757_0128,-13.8816998055556,-73.0352906388889,-41.0,-90.0,180.0,5280,3956,0.004027211702048969,0.004015838174352376,2024:11:28 15:47:57,./data/mavic3m/campo2/Viaje3-27-Nov/DJI_202411281538_002_acco2-campo2//DJI_20241128154757_0128_D.JPG,15.019,2210.893,139.0,-1.4,-3.0,-1.0,0.9,0.0,0,0,1732808877000
DJI_20241128154759_0129,-13.8817219444444,-73.0352701111111,139.0,-89.9,0.0,5280,3956,0.004013536504179303,0.0040022015975568525,2024:11:28 15:47:59,./data/mavic3m/campo2/Viaje3-27-Nov/DJI_202411281538_002_acco2-campo2//DJI_20241128154759_0129_D.JPG,14.968,2210.861,139.0,-2.6,-3.2,-0.9,0.8,0.0,0,0,1732808879000
DJI_20241128154802_0130,-13.8817443333333,-73.0352496111111,-41.0,-90.0,180.0,5280,3956,0.004023189585028479,0.004011827416471339,2024:11:28 15:48:02,./data/mavic3m/campo2/Viaje3-27-Nov/DJI_202411281538_002_acco2-campo2//DJI_20241128154802_0130_D.JPG,15.004,2210.902,138.9,0.1,-3.4,-1.1,0.8,0.0,0,0,1732808882000
DJI_20241128154804_0131,-13.8817680277778,-73.03522825,138.9,-89.9,0.0,5280,3956,0.004027747984318366,0.004016372942069848,2024:11:28 15:48:04,./data/mavic3m/campo2/Viaje3-27-Nov/DJI_202411281538_002_acco2-campo2//DJI_20241128154804_0131_D.JPG,15.021,2210.894,139.1,0.5,-4.6,-1.0,0.8,0.0,0,0,1732808884000
DJI_20241128154807_0132,-13.8817897777778,-73.0352075,-41.1,-90.0,180.0,5280,3956,0.0040247984318366745,0.004013431719623754,2024:11:28 15:48:07,./data/mavic3m/campo2/Viaje3-27-Nov/DJI_202411281538_002_acco2-campo2//DJI_20241128154807_0132_D.JPG,15.01,2210.877,138.8,-2.2,-2.5,-1.1,0.7,0.0,0,0,1732808887000
DJI_20241128154809_0133,-13.8818136388889,-73.0351880555556,139.0,-89.9,0.0,5280,3956,0.004013804645314002,0.004002468981415587,2024:11:28 15:48:09,./data/mavic3m/campo2/Viaje3-27-Nov/DJI_202411281538_002_acco2-campo2//DJI_20241128154809_0133_D.JPG,14.969,2210.846,139.1,-1.8,-3.5,-1.1,0.7,0.0,0,0,1732808889000
DJI_20241128154812_0134,-13.8818385555556,-73.0351664722222,138.9,-89.9,0.0,5280,3956,0.004024262149567275,0.004012896951906282,2024:11:28 15:48:12,./data/mavic3m/campo2/Viaje3-27-Nov/DJI_202411281538_002_acco2-campo2//DJI_20241128154812_0134_D.JPG,15.008,2210.901,139.1,1.3,-4.4,-1.1,0.9,0.0,0,0,1732808892000
DJI_20241128154814_0135,-13.8818618611111,-73.0351451388889,139.0,-89.9,0.0,5280,3956,0.004017290480065093,0.004005944971579152,2024:11:28 15:48:14,./data/mavic3m/campo2/Viaje3-27-Nov/DJI_202411281538_002_acco2-campo2//DJI_20241128154814_0135_D.JPG,14.982,2210.889,139.1,-1.3,-4.6,-0.9,0.8,0.0,0,0,1732808894000
DJI_20241128154817_0136,-13.8818842222222,-73.0351238333333,138.9,-89.9,0.0,5280,3956,0.004018899326873289,0.004007549274731567,2024:11:28 15:48:17,./data/mavic3m/campo2/Viaje3-27-Nov/DJI_202411281538_002_acco2-campo2//DJI_20241128154817_0136_D.JPG,14.988,2210.869,139.1,-0.6,-5.1,-1.0,0.8,0.0,0,0,1732808897000
DJI_20241128154819_0137,-13.8819063611111,-73.0351034444444,139.0,-89.9,0.0,5280,3956,0.004020776314816184,0.004009420961742718,2024:11:28 15:48:19,./data/mavic3m/campo2/Viaje3-27-Nov/DJI_202411281538_002_acco2-campo2//DJI_20241128154819_0137_D.JPG,14.995,2210.882,139.1,-2.2,-5.2,-1.0,0.7,0.0,0,0,1732808899000
DJI_20241128154822_0138,-13.8819296944444,-73.0350831944444,-41.1,-90.0,180.0,5280,3956,0.004022921443893779,0.0040115600326126035,2024:11:28 15:48:22,./data/mavic3m/campo2/Viaje3-27-Nov/DJI_202411281538_002_acco2-campo2//DJI_20241128154822_0138_D.JPG,15.003,2210.882,139.0,-0.3,-4.6,-1.1,0.8,0.0,0,0,1732808902000
DJI_20241128154824_0139,-13.8819541388889,-73.0350635555556,139.0,-89.9,0.0,5280,3956,0.004027747984318366,0.004016372942069848,2024:11:28 15:48:24,./data/mavic3m/campo2/Viaje3-27-Nov/DJI_202411281538_002_acco2-campo2//DJI_20241128154824_0139_D.JPG,15.021,2210.896,138.9,-0.3,-4.6,-0.9,0.9,0.0,0,0,1732808904000
DJI_20241128154827_0140,-13.8819778888889,-73.0350434166667,-41.1,-90.0,180.0,5280,3956,0.0040261391375101705,0.004014768638917433,2024:11:28 15:48:27,./data/mavic3m/campo2/Viaje3-27-Nov/DJI_202411281538_002_acco2-campo2//DJI_20241128154827_0140_D.JPG,15.015,2210.916,138.9,1.5,-7.8,-1.0,0.9,0.0,0,0,1732808907000
DJI_20241128154829_0141,-13.8819999722222,-73.0350210277778,139.0,-89.9,0.0,5280,3956,0.004026675419779569,0.004015303406634904,2024:11:28 15:48:29,./data/mavic3m/campo2/Viaje3-27-Nov/DJI_202411281538_002_acco2-campo2//DJI_20241128154829_0141_D.JPG,15.017,2210.919,139.3,-2.0,-0.1,-0.9,0.8,0.0,0,0,1732808909000
DJI_20241128154832_0142,-13.8820240555556,-73.0350003333333,-41.1,-90.0,180.0,5280,3956,0.004022921443893779,0.0040115600326126035,2024:11:28 15:48:32,./data/mavic3m/campo2/Viaje3-27-Nov/DJI_202411281538_002_acco2-campo2//DJI_20241128154832_0142_D.JPG,15.003,2210.887,138.9,0.7,-7.2,-1.0,0.8,0.0,0,0,1732808912000
DJI_20241128154834_0143,-13.8820465555556,-73.0349802777778,-41.0,-90.0,180.0,5280,3956,0.0040210444559508835,0.004009688345601454,2024:11:28 15:48:34,./data/mavic3m/campo2/Viaje3-27-Nov/DJI_202411281538_002_acco2-campo2//DJI_20241128154834_0143_D.JPG,14.996,2210.883,138.9,0.8,-6.7,-1.0,0.8,0.0,0,0,1732808914000
DJI_20241128154837_0144,-13.8820693055556,-73.0349603055556,-41.0,-90.0,180.0,5280,3956,0.0040146090687181,0.004003271132991795,2024:11:28 15:48:37,./data/mavic3m/campo2/Viaje3-27-Nov/DJI_202411281538_002_acco2-campo2//DJI_20241128154837_0144_D.JPG,14.972,2210.869,139.1,-2.2,-7.5,-1.0,0.8,0.0,0,0,1732808917000
DJI_20241128154839_0145,-13.8820928055556,-73.0349396111111,138.9,-89.9,0.0,5280,3956,0.004027211702048969,0.004015838174352376,2024:11:28 15:48:39,./data/mavic3m/campo2/Viaje3-27-Nov/DJI_202411281538_002_acco2-campo2//DJI_20241128154839_0145_D.JPG,15.019,2210.912,139.1,-0.8,-5.7,-0.9,0.9,0.0,0,0,1732808919000
DJI_20241128154842_0146,-13.8821159444444,-73.0349195555556,138.9,-89.9,0.0,5280,3956,0.004013536504179303,0.0040022015975568525,2024:11:28 15:48:42,./data/mavic3m/campo2/Viaje3-27-Nov/DJI_202411281538_002_acco2-campo2//DJI_20241128154842_0146_D.JPG,14.968,2210.866,139.0,-2.3,-5.9,-1.0,0.8,0.0,0,0,1732808922000
DJI_20241128154844_0147,-13.8821399166667,-73.0348978055556,-41.1,-90.0,180.0,5280,3956,0.004026943560914269,0.004015570790493641,2024:11:28 15:48:44,./data/mavic3m/campo2/Viaje3-27-Nov/DJI_202411281538_002_acco2-campo2//DJI_20241128154844_0147_D.JPG,15.018,2210.917,138.9,0.2,-6.0,-0.9,1.0,0.0,0,0,1732808924000
DJI_20241128154847_0148,-13.8821631666667,-73.0348753888889,-41.0,-90.0,180.0,5280,3956,0.004028820548857164,0.0040174424775047905,2024:11:28 15:48:47,./data/mavic3m/campo2/Viaje3-27-Nov/DJI_202411281538_002_acco2-campo2//DJI_20241128154847_0148_D.JPG,15.025,2210.923,138.9,2.5,-7.1,-1.1,0.9,0.0,0,0,1732808927000
DJI_20241128154849_0149,-13.8821857222222,-73.0348537777778,139.1,-89.9,0.0,5280,3956,0.004017826762334492,0.004006479739296624,2024:11:28 15:48:49,./data/mavic3m/campo2/Viaje3-27-Nov/DJI_202411281538_002_acco2-campo2//DJI_20241128154849_0149_D.JPG,14.984,2210.875,139.0,0.0,-3.2,-0.9,0.9,0.0,0,0,1732808929000
DJI_20241128154852_0150,-13.8822093055556,-73.034833,139.0,-89.9,0.0,5280,3956,0.004013804645314002,0.004002468981415587,2024:11:28 15:48:52,./data/mavic3m/campo2/Viaje3-27-Nov/DJI_202411281538_002_acco2-campo2//DJI_20241128154852_0150_D.JPG,14.969,2210.857,139.0,-1.2,-2.8,-0.9,0.8,0.0,0,0,1732808932000
DJI_20241128154854_0151,-13.8822331666667,-73.0348131111111,139.0,-89.9,0.0,5280,3956,0.004026675419779569,0.004015303406634904,2024:11:28 15:48:54,./data/mavic3m/campo2/Viaje3-27-Nov/DJI_202411281538_002_acco2-campo2//DJI_20241128154854_0151_D.JPG,15.017,2210.912,139.0,1.0,-6.6,-0.9,0.8,0.0,0,0,1732808934000
DJI_20241128154857_0152,-13.8822560555556,-73.0347921944444,139.0,-89.9,0.0,5280,3956,0.0040261391375101705,0.004014768638917433,2024:11:28 15:48:57,./data/mavic3m/campo2/Viaje3-27-Nov/DJI_202411281538_002_acco2-campo2//DJI_20241128154857_0152_D.JPG,15.015,2210.906,139.0,-0.1,-7.4,-0.9,0.8,0.0,0,0,1732808937000
DJI_20241128154859_0153,-13.8822784444444,-73.0347723888889,-41.0,-90.0,180.0,5280,3956,0.004022921443893779,0.0040115600326126035,2024:11:28 15:48:59,./data/mavic3m/campo2/Viaje3-27-Nov/DJI_202411281538_002_acco2-campo2//DJI_20241128154859_0153_D.JPG,15.003,2210.89,139.0,-0.1,-7.3,-1.0,0.8,0.0,0,0,1732808939000
DJI_20241128154902_0154,-13.88230225,-73.034753,-37.4,-90.0,180.0,5280,3956,0.004021312597085583,0.004009955729460189,2024:11:28 15:49:02,./data/mavic3m/campo2/Viaje3-27-Nov/DJI_202411281538_002_acco2-campo2//DJI_20241128154902_0154_D.JPG,14.997,2210.882,145.6,1.7,-1.0,-1.1,0.4,0.0,0,0,1732808942000
DJI_20241128154904_0155,-13.8823295,-73.0347661666667,42.5,-90.0,180.0,5280,3956,0.004008978104889416,0.003997656071958344,2024:11:28 15:49:04,./data/mavic3m/campo2/Viaje3-27-Nov/DJI_202411281538_002_acco2-campo2//DJI_20241128154904_0155_D.JPG,14.951,2210.848,-135.1,7.5,5.4,-0.6,-1.2,0.0,0,0,1732808944000
DJI_20241128154907_0156,-13.8823195,-73.0347916944445,-42.4,-89.9,0.0,5280,3956,0.004017826762334492,0.004006479739296624,2024:11:28 15:49:07,./data/mavic3m/campo2/Viaje3-27-Nov/DJI_202411281538_002_acco2-campo2//DJI_20241128154907_0156_D.JPG,14.984,2210.878,-41.7,-0.8,6.1,1.0,-0.9,0.0,0,0,1732808947000
DJI_20241128154909_0157,-13.8822963888889,-73.0348123611111,-41.0,-89.9,0.0,5280,3956,0.004034451512685849,0.004023057538538241,2024:11:28 15:49:09,./data/mavic3m/campo2/Viaje3-27-Nov/DJI_202411281538_002_acco2-campo2//DJI_20241128154909_0157_D.JPG,15.046,2210.956,-40.9,3.1,5.2,1.1,-1.0,0.0,0,0,1732808949000
DJI_20241128154912_0158,-13.8822726666667,-73.0348326944444,-41.0,-89.9,0.0,5280,3956,0.0040221170204896815,0.004010757881036397,2024:11:28 15:49:12,./data/mavic3m/campo2/Viaje3-27-Nov/DJI_202411281538_002_acco2-campo2//DJI_20241128154912_0158_D.JPG,15.0,2210.909,-40.9,1.2,4.5,1.0,-0.9,-0.1,0,0,1732808952000
DJI_20241128154914_0159,-13.8822503055556,-73.0348521944444,139.0,-90.0,180.0,5280,3956,0.004026675419779569,0.004015303406634904,2024:11:28 15:49:14,./data/mavic3m/campo2/Viaje3-27-Nov/DJI_202411281538_002_acco2-campo2//DJI_20241128154914_0159_D.JPG,15.017,2210.914,-41.0,-1.7,2.8,1.0,-0.8,0.0,0,0,1732808954000
DJI_20241128154917_0160,-13.8822265277778,-73.0348739722222,139.0,-90.0,180.0,5280,3956,0.004026943560914269,0.004015570790493641,2024:11:28 15:49:17,./data/mavic3m/campo2/Viaje3-27-Nov/DJI_202411281538_002_acco2-campo2//DJI_20241128154917_0160_D.JPG,15.018,2210.915,-41.0,2.5,3.4,1.1,-0.9,0.0,0,0,1732808957000
DJI_20241128154919_0161,-13.8822039722222,-73.0348937777778,139.0,-90.0,180.0,5280,3956,0.004018094903469192,0.00400674712315536,2024:11:28 15:49:19,./data/mavic3m/campo2/Viaje3-27-Nov/DJI_202411281538_002_acco2-campo2//DJI_20241128154919_0161_D.JPG,14.985,2210.894,-40.8,-1.8,4.9,0.9,-0.9,0.0,0,0,1732808959000
DJI_20241128154922_0162,-13.8821801944444,-73.0349139444444,-40.9,-89.9,0.0,5280,3956,0.004023725867297877,0.004012362184188811,2024:11:28 15:49:22,./data/mavic3m/campo2/Viaje3-27-Nov/DJI_202411281538_002_acco2-campo2//DJI_20241128154922_0162_D.JPG,15.006,2210.911,-40.9,-1.2,1.1,1.0,-0.8,0.0,0,0,1732808962000
DJI_20241128154924_0163,-13.8821569444444,-73.0349348611111,139.0,-90.0,180.0,5280,3956,0.004028552407722464,0.004017175093646054,2024:11:28 15:49:24,./data/mavic3m/campo2/Viaje3-27-Nov/DJI_202411281538_002_acco2-campo2//DJI_20241128154924_0163_D.JPG,15.024,2210.918,-41.0,-0.4,1.9,1.0,-0.9,0.0,0,0,1732808964000
DJI_20241128154927_0164,-13.8821344444444,-73.0349551944444,139.1,-90.0,180.0,5280,3956,0.0040261391375101705,0.004014768638917433,2024:11:28 15:49:27,./data/mavic3m/campo2/Viaje3-27-Nov/DJI_202411281538_002_acco2-campo2//DJI_20241128154927_0164_D.JPG,15.015,2210.905,-41.0,-0.4,2.7,0.9,-0.9,0.0,0,0,1732808967000
DJI_20241128154929_0165,-13.8821120277778,-73.03497575,-41.0,-89.9,0.0,5280,3956,0.0040247984318366745,0.004013431719623754,2024:11:28 15:49:29,./data/mavic3m/campo2/Viaje3-27-Nov/DJI_202411281538_002_acco2-campo2//DJI_20241128154929_0165_D.JPG,15.01,2210.916,-41.0,-0.2,2.3,1.0,-0.9,0.0,0,0,1732808969000
DJI_20241128154932_0166,-13.882089,-73.0349967777778,139.0,-90.0,180.0,5280,3956,0.004025870996375471,0.0040145012550586966,2024:11:28 15:49:32,./data/mavic3m/campo2/Viaje3-27-Nov/DJI_202411281538_002_acco2-campo2//DJI_20241128154932_0166_D.JPG,15.014,2210.917,-40.9,0.6,4.4,1.0,-0.9,0.0,0,0,1732808972000
DJI_20241128154934_0167,-13.8820651666667,-73.0350178055556,-41.0,-89.9,0.0,5280,3956,0.004028820548857164,0.0040174424775047905,2024:11:28 15:49:34,./data/mavic3m/campo2/Viaje3-27-Nov/DJI_202411281538_002_acco2-campo2//DJI_20241128154934_0167_D.JPG,15.025,2210.925,-41.0,0.4,2.8,0.9,-0.8,0.0,0,0,1732808974000
DJI_20241128154937_0168,-13.8820421388889,-73.0350393611111,139.0,-90.0,180.0,5280,3956,0.0040223851616243795,0.004011025264895132,2024:11:28 15:49:37,./data/mavic3m/campo2/Viaje3-27-Nov/DJI_202411281538_002_acco2-campo2//DJI_20241128154937_0168_D.JPG,15.001,2210.885,-40.8,0.8,4.0,0.9,-0.8,0.0,0,0,1732808977000
DJI_20241128154939_0169,-13.8820193055556,-73.0350603888889,-41.0,-89.9,0.0,5280,3956,0.004026675419779569,0.004015303406634904,2024:11:28 15:49:39,./data/mavic3m/campo2/Viaje3-27-Nov/DJI_202411281538_002_acco2-campo2//DJI_20241128154939_0169_D.JPG,15.017,2210.912,-41.0,-0.3,4.1,1.0,-0.7,0.0,0,0,1732808979000
DJI_20241128154942_0170,-13.8819963888889,-73.03508075,139.0,-90.0,180.0,5280,3956,0.004024530290701975,0.004013164335765019,2024:11:28 15:49:42,./data/mavic3m/campo2/Viaje3-27-Nov/DJI_202411281538_002_acco2-campo2//DJI_20241128154942_0170_D.JPG,15.009,2210.906,-41.0,-1.0,4.3,0.9,-0.8,0.0,0,0,1732808982000
DJI_20241128154944_0171,-13.8819726111111,-73.0351014722222,-41.0,-89.9,0.0,5280,3956,0.004025334714106073,0.004013966487341225,2024:11:28 15:49:44,./data/mavic3m/campo2/Viaje3-27-Nov/DJI_202411281538_002_acco2-campo2//DJI_20241128154944_0171_D.JPG,15.012,2210.892,-41.2,-0.2,2.3,1.0,-0.8,0.0,0,0,1732808984000
DJI_20241128154947_0172,-13.8819497777778,-73.0351226944444,139.0,-90.0,180.0,5280,3956,0.004019167468007989,0.004007816658590303,2024:11:28 15:49:47,./data/mavic3m/campo2/Viaje3-27-Nov/DJI_202411281538_002_acco2-campo2//DJI_20241128154947_0172_D.JPG,14.989,2210.896,-40.9,1.6,2.8,1.1,-0.8,0.0,0,0,1732808987000
DJI_20241128154949_0173,-13.8819254166667,-73.0351437222222,139.1,-90.0,180.0,5280,3956,0.004023725867297877,0.004012362184188811,2024:11:28 15:49:49,./data/mavic3m/campo2/Viaje3-27-Nov/DJI_202411281538_002_acco2-campo2//DJI_20241128154949_0173_D.JPG,15.006,2210.907,-40.9,2.3,1.9,1.0,-0.7,0.0,0,0,1732808989000
DJI_20241128154952_0174,-13.8819016388889,-73.0351634166667,139.0,-90.0,180.0,5280,3956,0.0040261391375101705,0.004014768638917433,2024:11:28 15:49:52,./data/mavic3m/campo2/Viaje3-27-Nov/DJI_202411281538_002_acco2-campo2//DJI_20241128154952_0174_D.JPG,15.015,2210.908,-41.1,1.6,0.9,1.0,-0.8,0.0,0,0,1732808992000
DJI_20241128154954_0175,-13.8818776388889,-73.0351850555556,139.0,-90.0,180.0,5280,3956,0.004020240032546786,0.004008886194025246,2024:11:28 15:49:54,./data/mavic3m/campo2/Viaje3-27-Nov/DJI_202411281538_002_acco2-campo2//DJI_20241128154954_0175_D.JPG,14.993,2210.891,-41.1,2.1,3.2,0.9,-0.9,0.0,0,0,1732808994000
DJI_20241128154957_0176,-13.8818536666667,-73.0352058333333,139.0,-90.0,180.0,5280,3956,0.00401863118573859,0.004007281890872831,2024:11:28 15:49:57,./data/mavic3m/campo2/Viaje3-27-Nov/DJI_202411281538_002_acco2-campo2//DJI_20241128154957_0176_D.JPG,14.987,2210.886,-40.9,2.9,1.6,0.9,-0.9,0.0,0,0,1732808997000
DJI_20241128154959_0177,-13.8818313055556,-73.0352259166667,139.0,-90.0,180.0,5280,3956,0.0040221170204896815,0.004010757881036397,2024:11:28 15:49:59,./data/mavic3m/campo2/Viaje3-27-Nov/DJI_202411281538_002_acco2-campo2//DJI_20241128154959_0177_D.JPG,15.0,2210.898,-41.0,0.2,2.9,0.9,-0.9,0.0,0,0,1732808999000
DJI_20241128155002_0178,-13.8818086944444,-73.0352467777778,139.0,-90.0,180.0,5280,3956,0.004027479843183667,0.004016105558211112,2024:11:28 15:50:02,./data/mavic3m/campo2/Viaje3-27-Nov/DJI_202411281538_002_acco2-campo2//DJI_20241128155002_0178_D.JPG,15.02,2210.91,-40.9,1.4,1.8,1.0,-0.9,0.0,0,0,1732809002000
DJI_20241128155004_0179,-13.8817856111111,-73.0352683333333,-41.0,-89.9,0.0,5280,3956,0.004026943560914269,0.004015570790493641,2024:11:28 15:50:04,./data/mavic3m/campo2/Viaje3-27-Nov/DJI_202411281538_002_acco2-campo2//DJI_20241128155004_0179_D.JPG,15.018,2210.901,-41.0,2.4,0.7,0.9,-0.9,0.0,0,0,1732809004000
DJI_20241128155007_0180,-13.8817628333333,-73.0352895,139.0,-90.0,180.0,5280,3956,0.004024262149567275,0.004012896951906282,2024:11:28 15:50:07,./data/mavic3m/campo2/Viaje3-27-Nov/DJI_202411281538_002_acco2-campo2//DJI_20241128155007_0180_D.JPG,15.008,2210.912,-41.1,2.1,4.1,0.9,-0.8,0.0,0,0,1732809007000
DJI_20241128155009_0181,-13.8817388888889,-73.0353096388889,139.0,-90.0,180.0,5280,3956,0.004026675419779569,0.004015303406634904,2024:11:28 15:50:09,./data/mavic3m/campo2/Viaje3-27-Nov/DJI_202411281538_002_acco2-campo2//DJI_20241128155009_0181_D.JPG,15.017,2210.907,-41.3,1.4,3.1,1.0,-0.8,0.0,0,0,1732809009000
DJI_20241128155012_0182,-13.8817156111111,-73.0353304722222,-41.2,-89.9,0.0,5280,3956,0.004020240032546786,0.004008886194025246,2024:11:28 15:50:12,./data/mavic3m/campo2/Viaje3-27-Nov/DJI_202411281538_002_acco2-campo2//DJI_20241128155012_0182_D.JPG,14.993,2210.9,-41.2,1.0,0.9,1.0,-0.8,0.0,0,0,1732809012000
DJI_20241128155014_0183,-13.8816936944444,-73.0353516111111,139.0,-90.0,180.0,5280,3956,0.004017290480065093,0.004005944971579152,2024:11:28 15:50:14,./data/mavic3m/campo2/Viaje3-27-Nov/DJI_202411281538_002_acco2-campo2//DJI_20241128155014_0183_D.JPG,14.982,2210.89,-41.1,2.1,-0.5,1.0,-0.8,0.0,0,0,1732809014000
DJI_20241128155017_0184,-13.8816903333333,-73.035377,61.0,-90.0,180.0,5280,3956,0.004022921443893779,0.0040115600326126035,2024:11:28 15:50:17,./data/mavic3m/campo2/Viaje3-27-Nov/DJI_202411281538_002_acco2-campo2//DJI_20241128155017_0184_D.JPG,15.003,2210.896,-121.8,0.7,-3.8,-0.7,-1.1,0.0,0,0,1732809017000
DJI_20241128155019_0185,-13.881713,-73.0353858611111,161.7,-89.9,0.0,5280,3956,0.004023189585028479,0.004011827416471339,2024:11:28 15:50:19,./data/mavic3m/campo2/Viaje3-27-Nov/DJI_202411281538_002_acco2-campo2//DJI_20241128155019_0185_D.JPG,15.004,2210.899,156.8,-1.4,-5.4,-1.1,0.5,0.0,0,0,1732809019000
DJI_20241128155022_0186,-13.8817364166667,-73.0353669722222,139.2,-89.9,0.0,5280,3956,0.004014877209852799,0.004003538516850531,2024:11:28 15:50:22,./data/mavic3m/campo2/Viaje3-27-Nov/DJI_202411281538_002_acco2-campo2//DJI_20241128155022_0186_D.JPG,14.973,2210.881,139.1,0.0,-1.4,-0.9,0.8,0.0,0,0,1732809022000
DJI_20241128155024_0187,-13.8817586111111,-73.0353466666667,-41.0,-90.0,180.0,5280,3956,0.0040210444559508835,0.004009688345601454,2024:11:28 15:50:24,./data/mavic3m/campo2/Viaje3-27-Nov/DJI_202411281538_002_acco2-campo2//DJI_20241128155024_0187_D.JPG,14.996,2210.875,139.1,0.7,-0.7,-0.9,0.9,0.0,0,0,1732809024000
DJI_20241128155027_0188,-13.8817815555556,-73.0353258611111,-41.0,-90.0,180.0,5280,3956,0.00401863118573859,0.004007281890872831,2024:11:28 15:50:27,./data/mavic3m/campo2/Viaje3-27-Nov/DJI_202411281538_002_acco2-campo2//DJI_20241128155027_0188_D.JPG,14.987,2210.879,139.0,0.3,-0.5,-1.0,0.8,0.0,0,0,1732809027000
DJI_20241128155029_0189,-13.8818041111111,-73.0353059444444,-41.1,-90.0,180.0,5280,3956,0.004020508173681486,0.004009153577883982,2024:11:28 15:50:29,./data/mavic3m/campo2/Viaje3-27-Nov/DJI_202411281538_002_acco2-campo2//DJI_20241128155029_0189_D.JPG,14.994,2210.864,138.9,-0.3,-1.6,-1.0,0.8,0.0,0,0,1732809029000
DJI_20241128155032_0190,-13.8818271111111,-73.0352856388889,-41.1,-90.0,180.0,5280,3956,0.004025066572971373,0.00401369910348249,2024:11:28 15:50:32,./data/mavic3m/campo2/Viaje3-27-Nov/DJI_202411281538_002_acco2-campo2//DJI_20241128155032_0190_D.JPG,15.011,2210.899,138.9,0.1,-2.9,-1.0,0.9,0.0,0,0,1732809032000
DJI_20241128155034_0191,-13.8818508333333,-73.0352656944444,-41.2,-90.0,180.0,5280,3956,0.004027211702048969,0.004015838174352376,2024:11:28 15:50:34,./data/mavic3m/campo2/Viaje3-27-Nov/DJI_202411281538_002_acco2-campo2//DJI_20241128155034_0191_D.JPG,15.019,2210.895,138.9,-0.9,-4.1,-1.0,0.8,0.0,0,0,1732809034000
DJI_20241128155037_0192,-13.881874,-73.0352442222222,138.9,-89.9,0.0,5280,3956,0.004027211702048969,0.004015838174352376,2024:11:28 15:50:37,./data/mavic3m/campo2/Viaje3-27-Nov/DJI_202411281538_002_acco2-campo2//DJI_20241128155037_0192_D.JPG,15.019,2210.905,138.8,1.4,-5.2,-1.1,0.8,0.0,0,0,1732809037000
DJI_20241128155039_0193,-13.8818967777778,-73.0352225555555,139.0,-89.9,0.0,5280,3956,0.0040210444559508835,0.004009688345601454,2024:11:28 15:50:39,./data/mavic3m/campo2/Viaje3-27-Nov/DJI_202411281538_002_acco2-campo2//DJI_20241128155039_0193_D.JPG,14.996,2210.893,139.2,-1.7,-4.5,-1.0,0.8,0.0,0,0,1732809039000
DJI_20241128155042_0194,-13.8819198333333,-73.0352014166667,139.0,-89.9,0.0,5280,3956,0.004018899326873289,0.004007549274731567,2024:11:28 15:50:42,./data/mavic3m/campo2/Viaje3-27-Nov/DJI_202411281538_002_acco2-campo2//DJI_20241128155042_0194_D.JPG,14.988,2210.882,139.0,0.6,-3.2,-1.1,0.7,0.0,0,0,1732809042000
DJI_20241128155044_0195,-13.8819452777778,-73.0351795277778,-41.0,-90.0,180.0,5280,3956,0.004019167468007989,0.004007816658590303,2024:11:28 15:50:44,./data/mavic3m/campo2/Viaje3-27-Nov/DJI_202411281538_002_acco2-campo2//DJI_20241128155044_0195_D.JPG,14.989,2210.867,138.9,2.4,-0.3,-1.0,0.9,0.0,0,0,1732809044000
DJI_20241128155047_0196,-13.8819690555556,-73.0351586388889,139.0,-89.9,0.0,5280,3956,0.0040170223389303945,0.004005677587720417,2024:11:28 15:50:47,./data/mavic3m/campo2/Viaje3-27-Nov/DJI_202411281538_002_acco2-campo2//DJI_20241128155047_0196_D.JPG,14.981,2210.868,139.0,1.0,1.7,-0.9,0.8,0.0,0,0,1732809047000
DJI_20241128155049_0197,-13.8819933888889,-73.0351376666667,-41.1,-90.0,180.0,5280,3956,0.00402265330275908,0.004011292648753868,2024:11:28 15:50:49,./data/mavic3m/campo2/Viaje3-27-Nov/DJI_202411281538_002_acco2-campo2//DJI_20241128155049_0197_D.JPG,15.002,2210.879,139.1,1.4,-3.0,-1.0,0.9,0.0,0,0,1732809049000
DJI_20241128155052_0198,-13.8820161388889,-73.0351166666667,-41.0,-90.0,180.0,5280,3956,0.0040210444559508835,0.004009688345601454,2024:11:28 15:50:52,./data/mavic3m/campo2/Viaje3-27-Nov/DJI_202411281538_002_acco2-campo2//DJI_20241128155052_0198_D.JPG,14.996,2210.894,139.1,-0.6,-2.9,-1.0,0.8,0.0,0,0,1732809052000
DJI_20241128155054_0199,-13.8820381666667,-73.0350953888889,138.9,-89.9,0.0,5280,3956,0.004043568311265626,0.004032148589735257,2024:11:28 15:50:54,./data/mavic3m/campo2/Viaje3-27-Nov/DJI_202411281538_002_acco2-campo2//DJI_20241128155054_0199_D.JPG,15.08,2210.984,139.0,-0.9,-1.9,-0.9,0.8,0.0,0,0,1732809054000
DJI_20241128155057_0200,-13.8820609166667,-73.0350754444444,-41.1,-90.0,180.0,5280,3956,0.004024262149567275,0.004012896951906282,2024:11:28 15:50:57,./data/mavic3m/campo2/Viaje3-27-Nov/DJI_202411281538_002_acco2-campo2//DJI_20241128155057_0200_D.JPG,15.008,2210.894,139.0,-1.9,-3.1,-1.0,0.7,0.0,0,0,1732809057000
DJI_20241128155059_0201,-13.8820846944444,-73.0350554444444,-41.1,-90.0,180.0,5280,3956,0.004002542717656631,0.003991238859348685,2024:11:28 15:50:59,./data/mavic3m/campo2/Viaje3-27-Nov/DJI_202411281538_002_acco2-campo2//DJI_20241128155059_0201_D.JPG,14.927,2210.82,139.0,-0.6,-4.1,-1.0,0.8,0.0,0,0,1732809059000
DJI_20241128155102_0202,-13.88210725,-73.0350338333333,138.9,-89.9,0.0,5280,3956,0.0040183630446038905,0.004007014507014096,2024:11:28 15:51:02,./data/mavic3m/campo2/Viaje3-27-Nov/DJI_202411281538_002_acco2-campo2//DJI_20241128155102_0202_D.JPG,14.986,2210.883,139.0,-0.8,-0.8,-1.0,0.8,0.0,0,0,1732809062000
DJI_20241128155104_0203,-13.8821318333333,-73.0350121111111,-41.0,-90.0,180.0,5280,3956,0.004022921443893779,0.0040115600326126035,2024:11:28 15:51:04,./data/mavic3m/campo2/Viaje3-27-Nov/DJI_202411281538_002_acco2-campo2//DJI_20241128155104_0203_D.JPG,15.003,2210.891,138.9,0.5,1.2,-1.1,0.8,0.0,0,0,1732809064000
DJI_20241128155107_0204,-13.8821568333333,-73.0349918055555,-41.1,-90.0,180.0,5280,3956,0.0040247984318366745,0.004013431719623754,2024:11:28 15:51:07,./data/mavic3m/campo2/Viaje3-27-Nov/DJI_202411281538_002_acco2-campo2//DJI_20241128155107_0204_D.JPG,15.01,2210.898,139.1,-0.6,-2.9,-0.9,0.8,0.0,0,0,1732809067000
DJI_20241128155109_0205,-13.8821801944444,-73.0349708333333,-41.1,-90.0,180.0,5280,3956,0.004021580738220282,0.004010223113318925,2024:11:28 15:51:09,./data/mavic3m/campo2/Viaje3-27-Nov/DJI_202411281538_002_acco2-campo2//DJI_20241128155109_0205_D.JPG,14.998,2210.876,139.1,-1.9,-2.5,-0.9,0.8,0.1,0,0,1732809069000
DJI_20241128155112_0206,-13.8822045555556,-73.0349493333333,-41.0,-90.0,180.0,5280,3956,0.004023725867297877,0.004012362184188811,2024:11:28 15:51:12,./data/mavic3m/campo2/Viaje3-27-Nov/DJI_202411281538_002_acco2-campo2//DJI_20241128155112_0206_D.JPG,15.006,2210.902,139.0,2.1,-4.9,-1.0,0.9,0.0,0,0,1732809072000
DJI_20241128155114_0207,-13.88222725,-73.0349270833333,-41.0,-90.0,180.0,5280,3956,0.004025870996375471,0.0040145012550586966,2024:11:28 15:51:14,./data/mavic3m/campo2/Viaje3-27-Nov/DJI_202411281538_002_acco2-campo2//DJI_20241128155114_0207_D.JPG,15.014,2210.905,139.1,-0.3,-3.0,-0.9,0.8,0.0,0,0,1732809074000
DJI_20241128155117_0208,-13.8822503333333,-73.0349070555555,139.0,-89.9,0.0,5280,3956,0.0040221170204896815,0.004010757881036397,2024:11:28 15:51:17,./data/mavic3m/campo2/Viaje3-27-Nov/DJI_202411281538_002_acco2-campo2//DJI_20241128155117_0208_D.JPG,15.0,2210.916,139.0,0.1,-3.5,-1.0,0.8,0.0,0,0,1732809077000
DJI_20241128155119_0209,-13.8822735833333,-73.0348867777778,139.1,-89.9,0.0,5280,3956,0.004029624972261262,0.004018244629080998,2024:11:28 15:51:19,./data/mavic3m/campo2/Viaje3-27-Nov/DJI_202411281538_002_acco2-campo2//DJI_20241128155119_0209_D.JPG,15.028,2210.911,139.2,1.6,-5.6,-1.0,0.8,0.0,0,0,1732809079000
DJI_20241128155122_0210,-13.8822968888889,-73.0348663888889,139.1,-89.9,0.0,5280,3956,0.004016217915526296,0.00400487543614421,2024:11:28 15:51:22,./data/mavic3m/campo2/Viaje3-27-Nov/DJI_202411281538_002_acco2-campo2//DJI_20241128155122_0210_D.JPG,14.978,2210.869,139.0,0.4,-8.5,-1.0,0.8,0.0,0,0,1732809082000
DJI_20241128155124_0211,-13.8823198888889,-73.0348455277778,139.1,-89.9,0.0,5280,3956,0.004033378948147052,0.004021988003103298,2024:11:28 15:51:24,./data/mavic3m/campo2/Viaje3-27-Nov/DJI_202411281538_002_acco2-campo2//DJI_20241128155124_0211_D.JPG,15.042,2210.94,139.4,1.0,-8.7,-1.0,0.8,-0.1,0,0,1732809084000
DJI_20241128155127_0212,-13.8823430833333,-73.0348238611111,139.1,-89.9,0.0,5280,3956,0.004015413492122199,0.004004073284568002,2024:11:28 15:51:27,./data/mavic3m/campo2/Viaje3-27-Nov/DJI_202411281538_002_acco2-campo2//DJI_20241128155127_0212_D.JPG,14.975,2210.871,139.0,1.9,-6.5,-1.0,0.8,0.0,0,0,1732809087000
DJI_20241128155129_0213,-13.8823676666667,-73.0348090555556,-13.4,-90.0,180.0,5280,3956,0.00402640727864487,0.004015036022776169,2024:11:28 15:51:29,./data/mavic3m/campo2/Viaje3-27-Nov/DJI_202411281538_002_acco2-campo2//DJI_20241128155129_0213_D.JPG,15.016,2210.895,171.0,3.0,8.0,-1.1,0.0,0.1,0,0,1732809089000
DJI_20241128155132_0214,-13.8823888888889,-73.0348298611111,59.5,-90.0,180.0,5280,3956,0.004025870996375471,0.0040145012550586966,2024:11:28 15:51:32,./data/mavic3m/campo2/Viaje3-27-Nov/DJI_202411281538_002_acco2-campo2//DJI_20241128155132_0214_D.JPG,15.014,2210.918,-115.1,9.0,2.6,-0.1,-1.4,0.0,0,0,1732809092000
DJI_20241128155134_0215,-13.88237275,-73.0348539444444,-41.7,-89.9,0.0,5280,3956,0.004018899326873289,0.004007549274731567,2024:11:28 15:51:34,./data/mavic3m/campo2/Viaje3-27-Nov/DJI_202411281538_002_acco2-campo2//DJI_20241128155134_0215_D.JPG,14.988,2210.891,-41.4,1.4,5.2,0.9,-0.8,0.0,0,0,1732809094000
DJI_20241128155137_0216,-13.8823497222222,-73.03487375,138.9,-90.0,180.0,5280,3956,0.004029088689991862,0.004017709861363526,2024:11:28 15:51:37,./data/mavic3m/campo2/Viaje3-27-Nov/DJI_202411281538_002_acco2-campo2//DJI_20241128155137_0216_D.JPG,15.026,2210.916,-41.0,1.6,4.8,0.9,-0.8,0.0,0,0,1732809097000
DJI_20241128155139_0217,-13.88232675,-73.0348943888889,138.9,-90.0,180.0,5280,3956,0.004023189585028479,0.004011827416471339,2024:11:28 15:51:39,./data/mavic3m/campo2/Viaje3-27-Nov/DJI_202411281538_002_acco2-campo2//DJI_20241128155139_0217_D.JPG,15.004,2210.905,-41.0,2.1,6.9,1.0,-0.9,0.0,0,0,1732809099000
DJI_20241128155142_0218,-13.8823035833333,-73.0349154444445,138.9,-90.0,180.0,5280,3956,0.004027747984318366,0.004016372942069848,2024:11:28 15:51:42,./data/mavic3m/campo2/Viaje3-27-Nov/DJI_202411281538_002_acco2-campo2//DJI_20241128155142_0218_D.JPG,15.021,2210.913,-40.7,4.9,6.2,1.1,-0.9,0.0,0,0,1732809102000
DJI_20241128155144_0219,-13.8822802777778,-73.0349356666667,-41.2,-89.9,0.0,5280,3956,0.004032306383608256,0.0040209184676683555,2024:11:28 15:51:44,./data/mavic3m/campo2/Viaje3-27-Nov/DJI_202411281538_002_acco2-campo2//DJI_20241128155144_0219_D.JPG,15.038,2210.922,-41.0,1.2,5.9,1.0,-0.8,0.0,0,0,1732809104000
DJI_20241128155147_0220,-13.8822573055556,-73.0349561111111,138.9,-90.0,180.0,5280,3956,0.0040247984318366745,0.004013431719623754,2024:11:28 15:51:47,./data/mavic3m/campo2/Viaje3-27-Nov/DJI_202411281538_002_acco2-campo2//DJI_20241128155147_0220_D.JPG,15.01,2210.904,-40.9,2.0,6.3,1.0,-0.8,0.0,0,0,1732809107000
DJI_20241128155149_0221,-13.8822335,-73.0349765,138.9,-90.0,180.0,5280,3956,0.0040247984318366745,0.004013431719623754,2024:11:28 15:51:49,./data/mavic3m/campo2/Viaje3-27-Nov/DJI_202411281538_002_acco2-campo2//DJI_20241128155149_0221_D.JPG,15.01,2210.902,-41.1,1.9,5.6,0.9,-0.8,0.0,0,0,1732809109000
DJI_20241128155152_0222,-13.8822110277778,-73.0349976944444,138.9,-90.0,180.0,5280,3956,0.004029356831126562,0.004017977245222262,2024:11:28 15:51:52,./data/mavic3m/campo2/Viaje3-27-Nov/DJI_202411281538_002_acco2-campo2//DJI_20241128155152_0222_D.JPG,15.027,2210.92,-41.0,2.0,8.0,1.0,-0.8,0.0,0,0,1732809112000
DJI_20241128155154_0223,-13.88218675,-73.0350190555556,138.8,-90.0,180.0,5280,3956,0.004030965677934758,0.004019581548374677,2024:11:28 15:51:54,./data/mavic3m/campo2/Viaje3-27-Nov/DJI_202411281538_002_acco2-campo2//DJI_20241128155154_0223_D.JPG,15.033,2210.931,-41.1,2.5,7.4,1.0,-0.8,0.0,0,0,1732809114000
DJI_20241128155157_0224,-13.8821636944444,-73.0350396388889,138.8,-90.0,180.0,5280,3956,0.0040210444559508835,0.004009688345601454,2024:11:28 15:51:57,./data/mavic3m/campo2/Viaje3-27-Nov/DJI_202411281538_002_acco2-campo2//DJI_20241128155157_0224_D.JPG,14.996,2210.913,-40.9,2.8,6.8,1.0,-0.8,0.0,0,0,1732809117000
DJI_20241128155159_0225,-13.8821405555556,-73.0350600555556,138.8,-90.0,180.0,5280,3956,0.004008441822620016,0.003997121304240872,2024:11:28 15:51:59,./data/mavic3m/campo2/Viaje3-27-Nov/DJI_202411281538_002_acco2-campo2//DJI_20241128155159_0225_D.JPG,14.949,2210.813,-41.0,3.9,7.0,1.0,-0.8,0.0,0,0,1732809119000
DJI_20241128155202_0226,-13.8821176388889,-73.0350803611111,138.8,-90.0,180.0,5280,3956,0.004017558621199793,0.004006212355437889,2024:11:28 15:52:02,./data/mavic3m/campo2/Viaje3-27-Nov/DJI_202411281538_002_acco2-campo2//DJI_20241128155202_0226_D.JPG,14.983,2210.896,-41.0,1.3,7.8,1.0,-0.8,0.0,0,0,1732809122000
DJI_20241128155204_0227,-13.8820936388889,-73.0351005277778,-41.1,-89.9,0.0,5280,3956,0.0040339152304164514,0.00402252277082077,2024:11:28 15:52:04,./data/mavic3m/campo2/Viaje3-27-Nov/DJI_202411281538_002_acco2-campo2//DJI_20241128155204_0227_D.JPG,15.044,2210.934,-41.1,-0.6,6.3,0.9,-0.8,0.0,0,0,1732809124000
DJI_20241128155207_0228,-13.8820708888889,-73.0351220277778,139.0,-90.0,180.0,5280,3956,0.0040341833715511494,0.004022790154679506,2024:11:28 15:52:07,./data/mavic3m/campo2/Viaje3-27-Nov/DJI_202411281538_002_acco2-campo2//DJI_20241128155207_0228_D.JPG,15.045,2210.956,-41.0,1.2,5.9,1.0,-0.8,0.0,0,0,1732809127000
DJI_20241128155209_0229,-13.882047,-73.0351451944444,-41.1,-89.9,0.0,5280,3956,0.004038741770841038,0.0040273356802780136,2024:11:28 15:52:09,./data/mavic3m/campo2/Viaje3-27-Nov/DJI_202411281538_002_acco2-campo2//DJI_20241128155209_0229_D.JPG,15.062,2210.939,-41.0,2.8,7.5,1.0,-0.8,0.0,0,0,1732809129000
DJI_20241128155212_0230,-13.8820227777778,-73.0351666111111,-41.1,-89.9,0.0,5280,3956,0.00401863118573859,0.004007281890872831,2024:11:28 15:52:12,./data/mavic3m/campo2/Viaje3-27-Nov/DJI_202411281538_002_acco2-campo2//DJI_20241128155212_0230_D.JPG,14.987,2210.881,-41.1,-0.5,6.5,0.9,-0.7,0.0,0,0,1732809132000
DJI_20241128155214_0231,-13.88199625,-73.035188,-41.1,-89.9,0.0,5280,3956,0.004016754197795695,0.004005410203861681,2024:11:28 15:52:14,./data/mavic3m/campo2/Viaje3-27-Nov/DJI_202411281538_002_acco2-campo2//DJI_20241128155214_0231_D.JPG,14.98,2210.871,-41.0,3.7,5.8,1.0,-0.9,0.0,0,0,1732809134000
DJI_20241128155217_0232,-13.8819721666667,-73.0352091666667,138.9,-90.0,180.0,5280,3956,0.004018094903469192,0.00400674712315536,2024:11:28 15:52:17,./data/mavic3m/campo2/Viaje3-27-Nov/DJI_202411281538_002_acco2-campo2//DJI_20241128155217_0232_D.JPG,14.985,2210.882,-40.9,1.4,4.1,0.9,-0.8,0.0,0,0,1732809137000
DJI_20241128155219_0233,-13.8819489444444,-73.0352313333333,138.9,-90.0,180.0,5280,3956,0.004029624972261262,0.004018244629080998,2024:11:28 15:52:19,./data/mavic3m/campo2/Viaje3-27-Nov/DJI_202411281538_002_acco2-campo2//DJI_20241128155219_0233_D.JPG,15.028,2210.933,-41.0,2.9,4.5,1.0,-0.9,0.0,0,0,1732809139000
DJI_20241128155222_0234,-13.8819251111111,-73.0352524444444,138.9,-90.0,180.0,5280,3956,0.004023994008432576,0.004012629568047547,2024:11:28 15:52:22,./data/mavic3m/campo2/Viaje3-27-Nov/DJI_202411281538_002_acco2-campo2//DJI_20241128155222_0234_D.JPG,15.007,2210.898,-40.8,2.8,5.9,0.9,-0.9,0.0,0,0,1732809142000
DJI_20241128155224_0235,-13.88190075,-73.0352730833333,138.8,-90.0,180.0,5280,3956,0.004027211702048969,0.004015838174352376,2024:11:28 15:52:24,./data/mavic3m/campo2/Viaje3-27-Nov/DJI_202411281538_002_acco2-campo2//DJI_20241128155224_0235_D.JPG,15.019,2210.901,-41.1,3.4,4.3,0.9,-0.9,0.0,0,0,1732809144000
DJI_20241128155227_0236,-13.8818772222222,-73.0352951666667,138.8,-90.0,180.0,5280,3956,0.004025334714106073,0.004013966487341225,2024:11:28 15:52:27,./data/mavic3m/campo2/Viaje3-27-Nov/DJI_202411281538_002_acco2-campo2//DJI_20241128155227_0236_D.JPG,15.012,2210.905,-41.0,3.2,5.6,0.9,-0.9,0.0,0,0,1732809147000
DJI_20241128155229_0237,-13.8818540555556,-73.0353162777778,138.8,-90.0,180.0,5280,3956,0.0040210444559508835,0.004009688345601454,2024:11:28 15:52:29,./data/mavic3m/campo2/Viaje3-27-Nov/DJI_202411281538_002_acco2-campo2//DJI_20241128155229_0237_D.JPG,14.996,2210.885,-40.9,3.0,5.6,0.9,-0.9,0.0,0,0,1732809149000
DJI_20241128155232_0238,-13.881831,-73.0353368611111,138.9,-90.0,180.0,5280,3956,0.004023725867297877,0.004012362184188811,2024:11:28 15:52:32,./data/mavic3m/campo2/Viaje3-27-Nov/DJI_202411281538_002_acco2-campo2//DJI_20241128155232_0238_D.JPG,15.006,2210.891,-41.0,2.5,4.1,0.9,-0.8,0.0,0,0,1732809152000
DJI_20241128155234_0239,-13.8818085833333,-73.0353581388889,138.9,-90.0,180.0,5280,3956,0.004017290480065093,0.004005944971579152,2024:11:28 15:52:34,./data/mavic3m/campo2/Viaje3-27-Nov/DJI_202411281538_002_acco2-campo2//DJI_20241128155234_0239_D.JPG,14.982,2210.886,-41.0,2.5,5.5,0.9,-0.8,0.0,0,0,1732809154000
DJI_20241128155237_0240,-13.8817853055556,-73.0353778888889,138.9,-90.0,180.0,5280,3956,0.00403042939566536,0.004019046780657206,2024:11:28 15:52:37,./data/mavic3m/campo2/Viaje3-27-Nov/DJI_202411281538_002_acco2-campo2//DJI_20241128155237_0240_D.JPG,15.031,2210.914,-41.0,2.5,4.4,0.9,-0.8,0.0,0,0,1732809157000
DJI_20241128155239_0241,-13.8817615833333,-73.0353989722222,138.9,-90.0,180.0,5280,3956,0.0040221170204896815,0.004010757881036397,2024:11:28 15:52:39,./data/mavic3m/campo2/Viaje3-27-Nov/DJI_202411281538_002_acco2-campo2//DJI_20241128155239_0241_D.JPG,15.0,2210.901,-41.1,2.0,4.5,0.9,-0.8,0.0,0,0,1732809159000
DJI_20241128155242_0242,-13.8817395555556,-73.0354199166667,138.9,-90.0,180.0,5280,3956,0.0040223851616243795,0.004011025264895132,2024:11:28 15:52:42,./data/mavic3m/campo2/Viaje3-27-Nov/DJI_202411281538_002_acco2-campo2//DJI_20241128155242_0242_D.JPG,15.001,2210.891,-41.1,1.2,0.9,0.8,-0.9,0.0,0,0,1732809162000
DJI_20241128155244_0243,-13.8817410833333,-73.0354471944444,-124.5,-89.9,0.0,5280,3956,0.004024262149567275,0.004012896951906282,2024:11:28 15:52:44,./data/mavic3m/campo2/Viaje3-27-Nov/DJI_202411281538_002_acco2-campo2//DJI_20241128155244_0243_D.JPG,15.008,2210.911,-125.7,2.6,-6.0,-0.7,-1.0,0.0,0,0,1732809164000
DJI_20241128155247_0244,-13.8817661111111,-73.0354491388889,145.8,-89.9,0.0,5280,3956,0.004017290480065093,0.004005944971579152,2024:11:28 15:52:47,./data/mavic3m/campo2/Viaje3-27-Nov/DJI_202411281538_002_acco2-campo2//DJI_20241128155247_0244_D.JPG,14.982,2210.852,143.8,-2.3,-3.8,-1.0,0.6,0.0,0,0,1732809167000
DJI_20241128155249_0245,-13.8817889722222,-73.0354303888889,-41.0,-90.0,180.0,5280,3956,0.004021848879354982,0.00401049049717766,2024:11:28 15:52:49,./data/mavic3m/campo2/Viaje3-27-Nov/DJI_202411281538_002_acco2-campo2//DJI_20241128155249_0245_D.JPG,14.999,2210.859,139.0,-1.9,-2.1,-1.0,0.8,0.0,0,0,1732809169000
DJI_20241128155252_0246,-13.8818111388889,-73.0354108055556,-41.1,-90.0,180.0,5280,3956,0.004028820548857164,0.0040174424775047905,2024:11:28 15:52:52,./data/mavic3m/campo2/Viaje3-27-Nov/DJI_202411281538_002_acco2-campo2//DJI_20241128155252_0246_D.JPG,15.025,2210.916,139.0,-2.7,-4.3,-1.0,0.8,-0.1,0,0,1732809172000
DJI_20241128155254_0247,-13.8818337777778,-73.03538925,-41.0,-90.0,180.0,5280,3956,0.004025334714106073,0.004013966487341225,2024:11:28 15:52:54,./data/mavic3m/campo2/Viaje3-27-Nov/DJI_202411281538_002_acco2-campo2//DJI_20241128155254_0247_D.JPG,15.012,2210.897,139.1,-2.3,-1.1,-1.0,0.8,0.0,0,0,1732809174000
DJI_20241128155257_0248,-13.8818566666667,-73.0353690833333,-41.1,-90.0,180.0,5280,3956,0.0040221170204896815,0.004010757881036397,2024:11:28 15:52:57,./data/mavic3m/campo2/Viaje3-27-Nov/DJI_202411281538_002_acco2-campo2//DJI_20241128155257_0248_D.JPG,15.0,2210.887,138.9,-2.0,-2.9,-1.0,0.8,0.0,0,0,1732809177000
DJI_20241128155259_0249,-13.8818802777778,-73.0353477777778,138.9,-89.9,0.0,5280,3956,0.004019971891412086,0.0040086188101665105,2024:11:28 15:52:59,./data/mavic3m/campo2/Viaje3-27-Nov/DJI_202411281538_002_acco2-campo2//DJI_20241128155259_0249_D.JPG,14.992,2210.871,139.0,-1.2,-2.3,-1.0,0.8,0.0,0,0,1732809179000
DJI_20241128155302_0250,-13.8819040277778,-73.0353268611111,-41.1,-90.0,180.0,5280,3956,0.004008709963754715,0.003997388688099609,2024:11:28 15:53:02,./data/mavic3m/campo2/Viaje3-27-Nov/DJI_202411281538_002_acco2-campo2//DJI_20241128155302_0250_D.JPG,14.95,2210.849,138.9,-1.3,-3.1,-0.9,0.8,0.0,0,0,1732809182000
DJI_20241128155304_0251,-13.8819276111111,-73.0353054722222,-41.1,-90.0,180.0,5280,3956,0.004020240032546786,0.004008886194025246,2024:11:28 15:53:04,./data/mavic3m/campo2/Viaje3-27-Nov/DJI_202411281538_002_acco2-campo2//DJI_20241128155304_0251_D.JPG,14.993,2210.896,139.0,-0.5,-3.3,-1.0,0.8,0.0,0,0,1732809184000
DJI_20241128155307_0252,-13.8819502777778,-73.0352846111111,-41.1,-90.0,180.0,5280,3956,0.004016217915526296,0.00400487543614421,2024:11:28 15:53:07,./data/mavic3m/campo2/Viaje3-27-Nov/DJI_202411281538_002_acco2-campo2//DJI_20241128155307_0252_D.JPG,14.978,2210.88,139.1,0.0,-1.9,-0.9,0.9,0.0,0,0,1732809187000
DJI_20241128155309_0253,-13.8819733888889,-73.0352649722222,-41.0,-90.0,180.0,5280,3956,0.00401863118573859,0.004007281890872831,2024:11:28 15:53:09,./data/mavic3m/campo2/Viaje3-27-Nov/DJI_202411281538_002_acco2-campo2//DJI_20241128155309_0253_D.JPG,14.987,2210.87,139.1,-1.1,-4.6,-1.1,0.8,0.0,0,0,1732809189000
DJI_20241128155312_0254,-13.8819969722222,-73.0352451388889,138.9,-89.9,0.0,5280,3956,0.004019435609142688,0.004008084042449039,2024:11:28 15:53:12,./data/mavic3m/campo2/Viaje3-27-Nov/DJI_202411281538_002_acco2-campo2//DJI_20241128155312_0254_D.JPG,14.99,2210.884,139.0,-0.5,-5.7,-1.0,0.8,0.0,0,0,1732809192000
DJI_20241128155314_0255,-13.8820204166667,-73.035223,-41.1,-90.0,180.0,5280,3956,0.004027747984318366,0.004016372942069848,2024:11:28 15:53:14,./data/mavic3m/campo2/Viaje3-27-Nov/DJI_202411281538_002_acco2-campo2//DJI_20241128155314_0255_D.JPG,15.021,2210.896,138.6,1.5,-6.0,-1.0,0.9,0.0,0,0,1732809194000
DJI_20241128155317_0256,-13.8820434166667,-73.0352019722222,139.0,-89.9,0.0,5280,3956,0.004018899326873289,0.004007549274731567,2024:11:28 15:53:17,./data/mavic3m/campo2/Viaje3-27-Nov/DJI_202411281538_002_acco2-campo2//DJI_20241128155317_0256_D.JPG,14.988,2210.891,138.9,0.0,-5.8,-1.0,0.7,0.0,0,0,1732809197000
DJI_20241128155319_0257,-13.8820659722222,-73.0351810277778,-41.0,-90.0,180.0,5280,3956,0.004012195798505806,0.004000864678263173,2024:11:28 15:53:19,./data/mavic3m/campo2/Viaje3-27-Nov/DJI_202411281538_002_acco2-campo2//DJI_20241128155319_0257_D.JPG,14.963,2210.865,139.0,-1.0,-2.7,-0.9,0.8,0.0,0,0,1732809199000
DJI_20241128155322_0258,-13.8820881111111,-73.0351610555556,139.0,-89.9,0.0,5280,3956,0.004029356831126562,0.004017977245222262,2024:11:28 15:53:22,./data/mavic3m/campo2/Viaje3-27-Nov/DJI_202411281538_002_acco2-campo2//DJI_20241128155322_0258_D.JPG,15.027,2210.915,139.0,-2.0,-1.3,-1.0,0.8,0.0,0,0,1732809202000
DJI_20241128155324_0259,-13.8821112222222,-73.0351409444444,-41.0,-90.0,180.0,5280,3956,0.004019971891412086,0.0040086188101665105,2024:11:28 15:53:24,./data/mavic3m/campo2/Viaje3-27-Nov/DJI_202411281538_002_acco2-campo2//DJI_20241128155324_0259_D.JPG,14.992,2210.882,139.1,-1.9,-2.8,-1.0,0.8,0.0,0,0,1732809204000
DJI_20241128155327_0260,-13.8821340555556,-73.0351199722222,-41.0,-90.0,180.0,5280,3956,0.004026943560914269,0.004015570790493641,2024:11:28 15:53:27,./data/mavic3m/campo2/Viaje3-27-Nov/DJI_202411281538_002_acco2-campo2//DJI_20241128155327_0260_D.JPG,15.018,2210.91,139.2,-1.2,-1.7,-1.0,0.8,0.0,0,0,1732809207000
DJI_20241128155329_0261,-13.8821578888889,-73.0350999722222,-41.1,-90.0,180.0,5280,3956,0.0040341833715511494,0.004022790154679506,2024:11:28 15:53:29,./data/mavic3m/campo2/Viaje3-27-Nov/DJI_202411281538_002_acco2-campo2//DJI_20241128155329_0261_D.JPG,15.045,2210.921,139.0,-1.0,-3.9,-1.0,0.8,0.0,0,0,1732809209000
DJI_20241128155332_0262,-13.8821805,-73.0350789444445,-41.0,-90.0,180.0,5280,3956,0.004018094903469192,0.00400674712315536,2024:11:28 15:53:32,./data/mavic3m/campo2/Viaje3-27-Nov/DJI_202411281538_002_acco2-campo2//DJI_20241128155332_0262_D.JPG,14.985,2210.876,139.0,-0.4,-1.8,-0.9,0.8,0.0,0,0,1732809212000
DJI_20241128155334_0263,-13.8822047222222,-73.0350590555555,-41.1,-90.0,180.0,5280,3956,0.004019971891412086,0.0040086188101665105,2024:11:28 15:53:34,./data/mavic3m/campo2/Viaje3-27-Nov/DJI_202411281538_002_acco2-campo2//DJI_20241128155334_0263_D.JPG,14.992,2210.9,139.0,1.6,-6.4,-1.0,0.9,0.0,0,0,1732809214000
DJI_20241128155337_0264,-13.8822271944444,-73.0350381666667,-41.1,-90.0,180.0,5280,3956,0.0040183630446038905,0.004007014507014096,2024:11:28 15:53:37,./data/mavic3m/campo2/Viaje3-27-Nov/DJI_202411281538_002_acco2-campo2//DJI_20241128155337_0264_D.JPG,14.986,2210.869,139.0,-1.6,-6.6,-0.9,0.9,0.0,0,0,1732809217000
DJI_20241128155339_0265,-13.8822503055556,-73.0350177222222,-41.0,-90.0,180.0,5280,3956,0.004013804645314002,0.004002468981415587,2024:11:28 15:53:39,./data/mavic3m/campo2/Viaje3-27-Nov/DJI_202411281538_002_acco2-campo2//DJI_20241128155339_0265_D.JPG,14.969,2210.863,139.0,-0.9,-6.6,-1.0,0.8,0.0,0,0,1732809219000
DJI_20241128155342_0266,-13.8822723333333,-73.0349968611111,-41.0,-90.0,180.0,5280,3956,0.004013804645314002,0.004002468981415587,2024:11:28 15:53:42,./data/mavic3m/campo2/Viaje3-27-Nov/DJI_202411281538_002_acco2-campo2//DJI_20241128155342_0266_D.JPG,14.969,2210.866,139.0,-1.6,-2.8,-0.9,0.9,0.0,0,0,1732809222000
DJI_20241128155344_0267,-13.88229575,-73.034976,-41.1,-90.0,180.0,5280,3956,0.0040223851616243795,0.004011025264895132,2024:11:28 15:53:44,./data/mavic3m/campo2/Viaje3-27-Nov/DJI_202411281538_002_acco2-campo2//DJI_20241128155344_0267_D.JPG,15.001,2210.893,138.8,0.5,-4.9,-1.0,0.8,0.0,0,0,1732809224000
DJI_20241128155347_0268,-13.8823188611111,-73.0349557777778,-41.1,-90.0,180.0,5280,3956,0.004029624972261262,0.004018244629080998,2024:11:28 15:53:47,./data/mavic3m/campo2/Viaje3-27-Nov/DJI_202411281538_002_acco2-campo2//DJI_20241128155347_0268_D.JPG,15.028,2210.921,139.0,-0.8,-6.2,-1.0,0.8,0.0,0,0,1732809227000
DJI_20241128155349_0269,-13.8823416666667,-73.03493525,-41.1,-90.0,180.0,5280,3956,0.004014877209852799,0.004003538516850531,2024:11:28 15:53:49,./data/mavic3m/campo2/Viaje3-27-Nov/DJI_202411281538_002_acco2-campo2//DJI_20241128155349_0269_D.JPG,14.973,2210.858,139.1,-1.3,-6.2,-0.9,0.7,0.0,0,0,1732809229000
DJI_20241128155352_0270,-13.8823650833333,-73.0349145833333,-41.1,-90.0,180.0,5280,3956,0.0040261391375101705,0.004014768638917433,2024:11:28 15:53:52,./data/mavic3m/campo2/Viaje3-27-Nov/DJI_202411281538_002_acco2-campo2//DJI_20241128155352_0270_D.JPG,15.015,2210.903,138.9,-0.7,-5.0,-0.9,0.9,0.0,0,0,1732809232000
DJI_20241128155354_0271,-13.8823874722222,-73.03489475,-41.1,-90.0,180.0,5280,3956,0.004020508173681486,0.004009153577883982,2024:11:28 15:53:54,./data/mavic3m/campo2/Viaje3-27-Nov/DJI_202411281538_002_acco2-campo2//DJI_20241128155354_0271_D.JPG,14.994,2210.887,139.0,-0.7,-7.6,-1.0,0.8,0.0,0,0,1732809234000
DJI_20241128155357_0272,-13.8824104722222,-73.0348739166667,-41.1,-90.0,180.0,5280,3956,0.004019703750277387,0.004008351426307774,2024:11:28 15:53:57,./data/mavic3m/campo2/Viaje3-27-Nov/DJI_202411281538_002_acco2-campo2//DJI_20241128155357_0272_D.JPG,14.991,2210.884,139.0,-2.5,-5.0,-1.0,0.8,0.0,0,0,1732809237000
DJI_20241128155359_0273,-13.8824375277778,-73.0348726388889,32.4,-90.0,180.0,5280,3956,0.004020240032546786,0.004008886194025246,2024:11:28 15:53:59,./data/mavic3m/campo2/Viaje3-27-Nov/DJI_202411281538_002_acco2-campo2//DJI_20241128155359_0273_D.JPG,14.993,2210.901,-144.4,4.3,-0.2,-1.3,-0.8,0.0,0,0,1732809239000
DJI_20241128155402_0274,-13.8824430277778,-73.0349000833333,-53.4,-89.9,0.0,5280,3956,0.004018094903469192,0.00400674712315536,2024:11:28 15:54:02,./data/mavic3m/campo2/Viaje3-27-Nov/DJI_202411281538_002_acco2-campo2//DJI_20241128155402_0274_D.JPG,14.985,2210.879,-49.4,3.1,8.1,0.8,-1.0,0.0,0,0,1732809242000
DJI_20241128155404_0275,-13.8824200833333,-73.034921,-41.2,-89.9,0.0,5280,3956,0.004019703750277387,0.004008351426307774,2024:11:28 15:54:04,./data/mavic3m/campo2/Viaje3-27-Nov/DJI_202411281538_002_acco2-campo2//DJI_20241128155404_0275_D.JPG,14.991,2210.887,-41.0,1.8,5.3,1.0,-0.8,0.0,0,0,1732809244000
DJI_20241128155407_0276,-13.8823974166667,-73.0349413333333,138.9,-90.0,180.0,5280,3956,0.004021580738220282,0.004010223113318925,2024:11:28 15:54:07,./data/mavic3m/campo2/Viaje3-27-Nov/DJI_202411281538_002_acco2-campo2//DJI_20241128155407_0276_D.JPG,14.998,2210.898,-40.9,2.2,6.0,1.0,-0.8,0.0,0,0,1732809247000
DJI_20241128155409_0277,-13.8823741944444,-73.0349613611111,-41.1,-89.9,0.0,5280,3956,0.004026675419779569,0.004015303406634904,2024:11:28 15:54:09,./data/mavic3m/campo2/Viaje3-27-Nov/DJI_202411281538_002_acco2-campo2//DJI_20241128155409_0277_D.JPG,15.017,2210.904,-41.0,2.1,5.4,1.0,-0.8,0.0,0,0,1732809249000
DJI_20241128155412_0278,-13.8823508333333,-73.0349820277778,138.9,-90.0,180.0,5280,3956,0.004024530290701975,0.004013164335765019,2024:11:28 15:54:12,./data/mavic3m/campo2/Viaje3-27-Nov/DJI_202411281538_002_acco2-campo2//DJI_20241128155412_0278_D.JPG,15.009,2210.905,-41.0,2.0,5.5,1.0,-0.8,0.0,0,0,1732809252000
DJI_20241128155414_0279,-13.8823281388889,-73.0350017222222,-41.1,-89.9,0.0,5280,3956,0.004025870996375471,0.0040145012550586966,2024:11:28 15:54:14,./data/mavic3m/campo2/Viaje3-27-Nov/DJI_202411281538_002_acco2-campo2//DJI_20241128155414_0279_D.JPG,15.014,2210.924,-41.1,0.4,4.9,0.9,-0.8,0.0,0,0,1732809254000
DJI_20241128155417_0280,-13.8823049722222,-73.0350228611111,-41.0,-89.9,0.0,5280,3956,0.00403042939566536,0.004019046780657206,2024:11:28 15:54:17,./data/mavic3m/campo2/Viaje3-27-Nov/DJI_202411281538_002_acco2-campo2//DJI_20241128155417_0280_D.JPG,15.031,2210.93,-40.9,3.2,5.2,1.0,-0.8,0.0,0,0,1732809257000
DJI_20241128155419_0281,-13.8822818055556,-73.0350430277778,138.9,-90.0,180.0,5280,3956,0.004025334714106073,0.004013966487341225,2024:11:28 15:54:19,./data/mavic3m/campo2/Viaje3-27-Nov/DJI_202411281538_002_acco2-campo2//DJI_20241128155419_0281_D.JPG,15.012,2210.923,-40.9,1.6,4.7,1.0,-0.8,0.0,0,0,1732809259000
DJI_20241128155422_0282,-13.8822587222222,-73.0350638055556,139.0,-90.0,180.0,5280,3956,0.004029624972261262,0.004018244629080998,2024:11:28 15:54:22,./data/mavic3m/campo2/Viaje3-27-Nov/DJI_202411281538_002_acco2-campo2//DJI_20241128155422_0282_D.JPG,15.028,2210.928,-40.8,2.2,3.8,1.1,-0.9,0.0,0,0,1732809262000
DJI_20241128155425_0283,-13.8822352222222,-73.0350855555556,138.9,-90.0,180.0,5280,3956,0.004027211702048969,0.004015838174352376,2024:11:28 15:54:25,./data/mavic3m/campo2/Viaje3-27-Nov/DJI_202411281538_002_acco2-campo2//DJI_20241128155425_0283_D.JPG,15.019,2210.939,-41.0,1.0,5.6,1.0,-0.8,0.0,0,0,1732809265000
DJI_20241128155427_0284,-13.8822124166667,-73.0351055555556,-41.0,-89.9,0.0,5280,3956,0.004029088689991862,0.004017709861363526,2024:11:28 15:54:27,./data/mavic3m/campo2/Viaje3-27-Nov/DJI_202411281538_002_acco2-campo2//DJI_20241128155427_0284_D.JPG,15.026,2210.927,-41.1,-0.5,3.4,1.0,-0.8,0.0,0,0,1732809267000
DJI_20241128155429_0285,-13.8821899722222,-73.0351261666667,139.0,-90.0,180.0,5280,3956,0.0040247984318366745,0.004013431719623754,2024:11:28 15:54:29,./data/mavic3m/campo2/Viaje3-27-Nov/DJI_202411281538_002_acco2-campo2//DJI_20241128155429_0285_D.JPG,15.01,2210.91,-41.1,-0.5,4.2,0.9,-0.9,0.0,0,0,1732809269000
DJI_20241128155432_0286,-13.8821669722222,-73.0351465,139.0,-90.0,180.0,5280,3956,0.004017558621199793,0.004006212355437889,2024:11:28 15:54:32,./data/mavic3m/campo2/Viaje3-27-Nov/DJI_202411281538_002_acco2-campo2//DJI_20241128155432_0286_D.JPG,14.983,2210.891,-41.1,1.2,2.8,1.0,-0.8,0.0,0,0,1732809272000
DJI_20241128155435_0287,-13.8821434722222,-73.0351676111111,138.9,-90.0,180.0,5280,3956,0.0040221170204896815,0.004010757881036397,2024:11:28 15:54:35,./data/mavic3m/campo2/Viaje3-27-Nov/DJI_202411281538_002_acco2-campo2//DJI_20241128155435_0287_D.JPG,15.0,2210.902,-41.1,2.2,4.0,1.0,-0.8,0.0,0,0,1732809275000
DJI_20241128155437_0288,-13.8821194722222,-73.0351889444444,139.0,-90.0,180.0,5280,3956,0.004015145350987499,0.004003805900709267,2024:11:28 15:54:37,./data/mavic3m/campo2/Viaje3-27-Nov/DJI_202411281538_002_acco2-campo2//DJI_20241128155437_0288_D.JPG,14.974,2210.88,-41.0,2.8,3.8,1.0,-0.9,0.0,0,0,1732809277000
DJI_20241128155439_0289,-13.8820950555556,-73.0352112777778,-41.1,-89.9,0.0,5280,3956,0.004024262149567275,0.004012896951906282,2024:11:28 15:54:39,./data/mavic3m/campo2/Viaje3-27-Nov/DJI_202411281538_002_acco2-campo2//DJI_20241128155439_0289_D.JPG,15.008,2210.896,-41.0,2.7,3.4,1.0,-0.9,0.0,0,0,1732809279000
DJI_20241128155442_0290,-13.8820707222222,-73.0352343888889,-41.2,-89.9,0.0,5280,3956,0.004020776314816184,0.004009420961742718,2024:11:28 15:54:42,./data/mavic3m/campo2/Viaje3-27-Nov/DJI_202411281538_002_acco2-campo2//DJI_20241128155442_0290_D.JPG,14.995,2210.901,-41.0,3.3,5.5,1.0,-0.8,0.0,0,0,1732809282000
DJI_20241128155444_0291,-13.8820473888889,-73.0352535555556,138.9,-90.0,180.0,5280,3956,0.004023457726163178,0.0040120948003300756,2024:11:28 15:54:44,./data/mavic3m/campo2/Viaje3-27-Nov/DJI_202411281538_002_acco2-campo2//DJI_20241128155444_0291_D.JPG,15.005,2210.892,-41.0,1.4,4.0,1.0,-0.7,0.0,0,0,1732809284000
DJI_20241128155447_0292,-13.8820241666667,-73.0352741111111,138.9,-90.0,180.0,5280,3956,0.004021848879354982,0.00401049049717766,2024:11:28 15:54:47,./data/mavic3m/campo2/Viaje3-27-Nov/DJI_202411281538_002_acco2-campo2//DJI_20241128155447_0292_D.JPG,14.999,2210.907,-41.0,2.3,3.8,1.0,-0.8,0.0,0,0,1732809287000
DJI_20241128155450_0293,-13.88200175,-73.0352938888889,139.0,-90.0,180.0,5280,3956,0.004025334714106073,0.004013966487341225,2024:11:28 15:54:50,./data/mavic3m/campo2/Viaje3-27-Nov/DJI_202411281538_002_acco2-campo2//DJI_20241128155450_0293_D.JPG,15.012,2210.902,-41.1,0.4,2.8,1.0,-0.9,0.0,0,0,1732809290000
DJI_20241128155452_0294,-13.8819788611111,-73.0353141111111,-41.0,-89.9,0.0,5280,3956,0.0040223851616243795,0.004011025264895132,2024:11:28 15:54:52,./data/mavic3m/campo2/Viaje3-27-Nov/DJI_202411281538_002_acco2-campo2//DJI_20241128155452_0294_D.JPG,15.001,2210.893,-40.9,3.3,2.9,0.9,-0.9,0.0,0,0,1732809292000
DJI_20241128155455_0295,-13.8819563055556,-73.0353354444444,139.0,-90.0,180.0,5280,3956,0.0040247984318366745,0.004013431719623754,2024:11:28 15:54:55,./data/mavic3m/campo2/Viaje3-27-Nov/DJI_202411281538_002_acco2-campo2//DJI_20241128155455_0295_D.JPG,15.01,2210.908,-40.8,4.4,2.0,1.0,-0.9,0.0,0,0,1732809295000
DJI_20241128155457_0296,-13.88193325,-73.0353572777778,-41.0,-89.9,0.0,5280,3956,0.004020508173681486,0.004009153577883982,2024:11:28 15:54:57,./data/mavic3m/campo2/Viaje3-27-Nov/DJI_202411281538_002_acco2-campo2//DJI_20241128155457_0296_D.JPG,14.994,2210.903,-41.1,3.2,5.4,1.0,-0.9,0.0,0,0,1732809297000
DJI_20241128155500_0297,-13.8819103055556,-73.0353776944444,-41.2,-89.9,0.0,5280,3956,0.004023725867297877,0.004012362184188811,2024:11:28 15:55:00,./data/mavic3m/campo2/Viaje3-27-Nov/DJI_202411281538_002_acco2-campo2//DJI_20241128155500_0297_D.JPG,15.006,2210.885,-41.1,2.0,4.6,1.0,-0.7,0.0,0,0,1732809300000
DJI_20241128155502_0298,-13.8818859166667,-73.0353988333333,-41.2,-89.9,0.0,5280,3956,0.004019703750277387,0.004008351426307774,2024:11:28 15:55:02,./data/mavic3m/campo2/Viaje3-27-Nov/DJI_202411281538_002_acco2-campo2//DJI_20241128155502_0298_D.JPG,14.991,2210.894,-41.1,3.9,5.7,1.0,-0.8,0.0,0,0,1732809302000
DJI_20241128155505_0299,-13.8818626111111,-73.0354190277778,-41.2,-89.9,0.0,5280,3956,0.00402640727864487,0.004015036022776169,2024:11:28 15:55:05,./data/mavic3m/campo2/Viaje3-27-Nov/DJI_202411281538_002_acco2-campo2//DJI_20241128155505_0299_D.JPG,15.016,2210.917,-41.1,2.3,5.6,0.9,-0.8,0.0,0,0,1732809305000
DJI_20241128155507_0300,-13.8818392222222,-73.03544,-41.1,-89.9,0.0,5280,3956,0.004016217915526296,0.00400487543614421,2024:11:28 15:55:07,./data/mavic3m/campo2/Viaje3-27-Nov/DJI_202411281538_002_acco2-campo2//DJI_20241128155507_0300_D.JPG,14.978,2210.885,-41.1,1.8,5.3,0.9,-0.8,0.0,0,0,1732809307000
DJI_20241128155510_0301,-13.8818158055556,-73.0354614444445,-41.1,-89.9,0.0,5280,3956,0.004019971891412086,0.0040086188101665105,2024:11:28 15:55:10,./data/mavic3m/campo2/Viaje3-27-Nov/DJI_202411281538_002_acco2-campo2//DJI_20241128155510_0301_D.JPG,14.992,2210.884,-41.1,2.8,5.6,0.9,-0.9,0.0,0,0,1732809310000
DJI_20241128155512_0302,-13.8817922222222,-73.0354823333333,-41.1,-89.9,0.0,5280,3956,0.004018899326873289,0.004007549274731567,2024:11:28 15:55:12,./data/mavic3m/campo2/Viaje3-27-Nov/DJI_202411281538_002_acco2-campo2//DJI_20241128155512_0302_D.JPG,14.988,2210.883,-41.2,2.3,5.0,1.0,-0.8,0.0,0,0,1732809312000
DJI_20241128155515_0303,-13.8817790833333,-73.0354933333333,-41.2,-89.9,0.0,5280,3956,0.004021580738220282,0.004010223113318925,2024:11:28 15:55:15,./data/mavic3m/campo2/Viaje3-27-Nov/DJI_202411281538_002_acco2-campo2//DJI_20241128155515_0303_D.JPG,14.998,2210.897,-41.0,7.9,6.6,0.0,0.0,0.0,0,0,1732809315000
